_id,Ejercicio,Centro Gestor,Economico,Financiacion,Descripcion,Prevision Inicial,Modificaciones,Prevision Definitiva,Derechos Reconocidos Netos ( DRN ),Recaudacion Neta
1,2019,12500,100000,91003,Tarifa Autonómica del I.R.P.F.,"1.257.652.140,00","28.550.626,21","1.286.202.766,21","1.355.890.790,00","1.355.890.790,00"
2,2019,12500,100006,91003,Tarifa Autonómica IRPF Ejercicios Anteriores,"87.317.750,00",,"87.317.750,00","15.411.984,29","15.411.984,29"
3,2019,12500,110000,91003,Sobre adquisiciones por herencia o legado,"147.040.100,00",,"147.040.100,00",,
4,2019,12500,110003,91003,Donaciones,"2.000.000,00",,"2.000.000,00",,
5,2019,12500,111000,91003,Sobre el patrimonio neto de las personas físicas,"45.000.000,00",,"45.000.000,00",,
6,2019,12500,112000,91003,S/Grandes Areas de Venta,,"8.700.000,00","8.700.000,00",,
7,2019,12500,115000,91003,Impuestos Depósitos Entidades de Crédito,"10.200.000,00",,"10.200.000,00",,
8,2019,12500,200000,91003,Sobre Transmisiones Patrimoniales Onerosas,"120.000.000,00",,"120.000.000,00",,
9,2019,12500,200002,91003,Sobre Transmisiones de vehículos,"2.500.000,00",,"2.500.000,00",,
10,2019,12500,201000,91003,Documentos Notariales,"55.000.000,00",,"55.000.000,00",,
11,2019,12500,201002,91003,Documentos Administrativos,"2.100.000,00",,"2.100.000,00",,
12,2019,12500,202000,91003,Sobre operaciones societarias,"1.500.000,00",,"1.500.000,00",,
13,2019,12500,210001,91003,I.V.A. Sobre Operaciones Internas,"1.150.925.420,00",,"1.150.925.420,00","1.182.472.900,00","1.182.472.900,00"
14,2019,12500,210017,91003,IVA Liquidación Ejercicios Anteriores,"33.063.000,00",,"33.063.000,00","-39.836.011,43","-39.836.011,43"
15,2019,12500,220000,91003,Sobre el alcohol y bebidas derivadas,"16.748.780,00",,"16.748.780,00","15.920.770,00","15.920.770,00"
16,2019,12500,220001,91003,Sobre Cerveza,"6.215.990,00",,"6.215.990,00","6.378.280,00","6.378.280,00"
17,2019,12500,220003,91003,Sobre labores de tabaco,"135.419.350,00",,"135.419.350,00","126.379.650,00","126.379.650,00"
18,2019,12500,220005,91003,Sobre determinados medios de transporte,"9.000.000,00",,"9.000.000,00",,
19,2019,12500,220006,91003,Sobre productos intermedios,"439.670,00",,"439.670,00","402.250,00","402.250,00"
20,2019,12500,220007,91003,Sobre energía (electricidad),"60.317.000,00",,"60.317.000,00","59.750.270,00","59.750.270,00"
21,2019,12500,220008,91003,Sobre hidrocarburos,"308.268.720,00",,"308.268.720,00","365.908.320,00","365.908.320,00"
22,2019,12500,220009,91003,Impuesto Especial (Ejercicios anteriores),"-17.614.700,00",,"-17.614.700,00",,
23,2019,12500,220010,91003,Sobre alcohol y bebidas derivadas - (Ej. anteriore,,,,"-159.017,04","-159.017,04"
24,2019,12500,220011,91003,Sobre Cerveza - (Ej. anteriores),,,,"497.422,09","497.422,09"
25,2019,12500,220013,91003,Sobre labores de tabaco - (Ej. anteriores),,,,"-4.288.926,14","-4.288.926,14"
26,2019,12500,220016,91003,Sobre productos intermedios - (Ej. anteriores),,,,"-5.723,85","-5.723,85"
27,2019,12500,220017,91003,Sobre energía (electricidad) - (Ej. anteriores),,,,"-3.615.299,83","-3.615.299,83"
28,2019,12500,220018,91003,Sobre hidrocarburos - (Ej. anteriores),,,,"-18.063.792,34","-18.063.792,34"
29,2019,12500,220022,91003,Tramo autonómico sobre hidrocarburos,"23.000.000,00",,"23.000.000,00",,
30,2019,12500,230000,91003,Impuesto s/contaminación de las aguas,"3.000.000,00",,"3.000.000,00",,
31,2019,12500,231000,91003,S/ sobre grandes áreas de venta,"8.700.000,00","-8.700.000,00",0,,
32,2019,12500,232000,91003,S/ Emisiones contaminantes,"870.000,00",,"870.000,00",,
33,2019,12500,234000,91003,S/ aprovechamiento hidroeléctrico,"15.000.000,00",,"15.000.000,00",,
34,2019,12500,235000,91003,S/ líneas de alta tensión,"1.575.000,00",,"1.575.000,00",,
35,2019,12500,240000,91003,Casinos,"400.000,00",,"400.000,00",,
36,2019,12500,240001,91003,Bingos,"12.000.000,00",,"12.000.000,00",,
37,2019,12500,240002,91003,Máquinas recreativas,"28.500.000,00",,"28.500.000,00",,
38,2019,12500,240003,91003,"Loterías,rifas,boletos y combinaciones aleatorias","1.850.000,00",,"1.850.000,00",,
39,2019,12500,240004,91003,Bingo Electrónico,"200.000,00",,"200.000,00",,
40,2019,12500,250000,91003,Impuesto s/ actividades de juego,"2.500.000,00",,"2.500.000,00",,
41,2019,12500,300050,91003,Venta de Bienes de Cortes de Aragón,"30.000,00",,"30.000,00","30.000,00",
42,2019,12500,301006,91003,"Venta de Public de Educ., U., C. y Deporte (No ope","4.000,00",,"4.000,00","3.951,10","3.198,68"
43,2019,12500,301050,91003,Venta de Publicac. de Cortes de Aragón,"10.000,00",,"10.000,00","10.000,00",
44,2019,12500,302000,91003,Venta de cartones de bingo,"577.000,00",,"577.000,00","271.148,29","271.148,29"
45,2019,12500,303000,91003,Venta de impresos,"20.000,00",,"20.000,00","3.328,97","3.328,97"
46,2019,12500,310050,91003,Entradas Cortes de Aragón,"210.000,00",,"210.000,00","210.000,00",
47,2019,12500,319000,91003,Prestación Serv. de Presidencia y Justicia (No ope,"170.000,00",,"170.000,00","112.900,00","102.400,00"
48,2019,12500,319005,91003,"Prestación Serv. de Sanidad, B. Social y Familia",,,,"78.628,98","66.991,40"
49,2019,12500,319006,91003,"Prestación Serv. de Educ., Cult. y Dpte","1.900.000,00","-1.206.002,58","693.997,42","1.913.954,43","1.355.149,19"
50,2019,12500,319103,91003,Prestación de servicios en guarderías,"936.000,00",,"936.000,00","973.438,89","965.294,76"
51,2019,12500,319111,91003,Cuotas alumnos Inst. Formación Agroambiental,"15.800,00",,"15.800,00","3.225,00","3.225,00"
52,2019,12500,319118,91003,Prestación Servicios RACI,"17.500,00",,"17.500,00","17.039,49","17.039,49"
53,2019,12500,319321,91003,Transporte Sanitario por Helicóptero,"101.400,00",,"101.400,00","222.785,00","143.090,00"
54,2019,12500,329001,91003,Tasa 01- Dirección e inspección de obras,"1.327.000,00",,"1.327.000,00","1.647.508,44","1.227.127,51"
55,2019,12500,329003,91003,"Tasa 03- Serv.admvos, redacc. informes,activ. fac.","113.808,00",,"113.808,00","145.712,22","137.575,10"
56,2019,12500,329004,91003,Tasa 04- Por Autorizacones Espectáculos Públicos,"25.350,00",,"25.350,00","41.672,92","41.672,92"
57,2019,12500,329005,91003,Tasa 05-S. Mat. orde. transp. terr carretera,"1.370.000,00",,"1.370.000,00","1.049.365,40","1.049.365,40"
58,2019,12500,329010,91003,Tasa 10-S. facultativos agronómicos,"2.028,00",,"2.028,00","242.385,04","242.354,17"
59,2019,12500,329011,91003,Tasa 11-Servicios  facultativos veterinarios,"608.400,00",,"608.400,00","875.168,27","875.097,75"
60,2019,12500,329012,91003,Tasa 12-Ins. y ctroles sanitarios  anim y sus prod,"400.000,00",,"400.000,00","1.839.792,45","1.018.416,22"
61,2019,12500,329013,91003,"Tasa 13-Aut., Inspec., materia centros sanitarios","300.000,00",,"300.000,00","806.153,52","806.153,52"
62,2019,12500,329014,91003,Tasa 14-Ord. activ. indust. energ. metrol. mineras,"2.028.000,00",,"2.028.000,00","2.021.124,95","1.854.143,45"
63,2019,12500,329015,91003,Tasa 15-Serv. exped. titulos académicos y profesio,"570.000,00",,"570.000,00","595.172,35","595.172,35"
64,2019,12500,329016,91003,Tasa 16-Expedición licencias caza y pesca,,,,"26.875,71","26.875,71"
65,2019,12500,329017,91003,"Tasa 17-S. facul. montes, forestales y v. pecuaria","430.950,00",,"430.950,00","493.940,50","460.066,84"
66,2019,12500,329019,91003,Tasa 19-S. Adtvod y Técnicos de juego,"696.618,00",,"696.618,00","775.112,25","775.112,25"
67,2019,12500,329020,91003,"Tasa 20-Aut, Insp y actu. cen y est. farmaceúticos","40.000,00",,"40.000,00","59.515,61","59.515,61"
68,2019,12500,329021,91003,Tasa 21-Aut. Insp. centros Servicios Sociales,"30.000,00",,"30.000,00","44.569,05","44.569,05"
69,2019,12500,329022,91003,Tasa 22-Inserción anuncios en el BOA,"299.130,00",,"299.130,00","511.028,14","511.028,14"
70,2019,12500,329023,91003,"Tasa 23-Inscripción y Publicidad Asoc,Fun,CP y CCA","48.230,91",,"48.230,91","66.223,69","66.223,69"
71,2019,12500,329024,91003,Tasa 24-Derechos Examen pruebas selectiva C.Aut.,"225.000,00",,"225.000,00","355.098,87","355.098,87"
72,2019,12500,329025,91003,Tasa 25-S. Registro Territorial P.Intelectual de A,,,,"9.134,52","8.782,92"
73,2019,12500,329032,91003,Tasa 32-Tasa act. serv. radiodifusión y televisión,"1.521,00",,"1.521,00","14.895,25","14.895,25"
74,2019,12500,329033,91003,Tasa 33-Tasa por ocup. v.pecuar. y conc.uso dom.p.,,,,"141.105,05","129.963,69"
75,2019,12500,329037,91003,Tasa 37-Tasa dchos. de exam. pruebas de acceso FP,,,,"135.033,64","135.033,64"
76,2019,12500,329038,91003,Tasa 38- S. admtvos diligencias bastanteo de poder,"6.084,00",,"6.084,00","8.170,00","8.170,00"
77,2019,12500,329039,91003,Tasa39-Insc pruebas obt. tit. postobligatorios,"65.000,00",,"65.000,00","64.173,33","64.173,33"
78,2019,12500,329040,91003,Tasa 40-Tasa s. adm actuaciones gestión tributaria,,,,"63.017,01","63.017,01"
79,2019,12500,329042,91003,Tasa 42 - Análisis e Informes del Lab. Salud Públi,"20.000,00",,"20.000,00","16.371,39","16.371,39"
80,2019,12500,329043,91003,Tasa 43- Inscripción Cooperativas y Sdes. Laboral,"7.810,00",,"7.810,00","7.164,99","7.164,99"
81,2019,12500,329044,91003,Tasa 44- Autorización Agencias de Colocación,"7.000,00",,"7.000,00","17.643,60","17.643,60"
82,2019,12500,329045,91003,Tasa 45- Inscripción Centros Colaboradores,"74.610,00",,"74.610,00","84.048,29","84.048,29"
83,2019,12500,329046,91003,Tasa 46- Serv. prestados Reg. Cooperativas Aragón,"27.200,00",,"27.200,00","19.013,33","19.013,33"
84,2019,12500,329047,91003,Tasa 47- Serv. prestados Reg. adm. Sociedades Lab.,"1.905,00",,"1.905,00","1.281,36","1.281,36"
85,2019,12500,329048,91003,Tasa 48- Ocupación o Concesión del uso privativo,,,,"293.793,17","293.635,32"
86,2019,12500,330000,91003,Precios Públicos del Laboratorio Agroalimentario,"120.000,00",,"120.000,00","57.095,25","52.544,17"
87,2019,12500,330001,91003,Precios Públicos del C. Transferencia Agroalimenta,,,,"34,8","34,8"
88,2019,12500,330004,91003,Precios Públicos del Laboratorio Calidad Edificaci,,,,"8.201,82","7.963,21"
89,2019,12500,330005,91003,Precios Públicos en materia de deportes,"47.000,00",,"47.000,00","49.378,10","32.687,50"
90,2019,12500,330006,91003,Instalaciones deportivas,"57.500,00",,"57.500,00","79.479,80","35.840,40"
91,2019,12500,330007,91003,Actividades Deportivas,"4.000,00",,"4.000,00","3.294,00","3.294,00"
92,2019,12500,330012,91003,Precios Públicos de Caza y Pesca,"155.000,00",,"155.000,00",,
93,2019,12500,330013,91003,Precios Públicos Medicina Legal de Aragón (IMLA),"25.350,00",,"25.350,00","31.333,27","27.903,27"
94,2019,12500,380000,32200,Reintegros ej.cerrados de Presidencia y Justicia,,,,"741.787,33","741.787,33"
95,2019,12500,380000,91003,Reintegros ej.cerrados de Presidencia y Justicia,,,,"92.602,12","92.602,12"
96,2019,12500,380001,91003,Reintegros ej.cerrados de Hacienda y Admón Pública,"24.400,00",,"24.400,00","13.255,84","13.255,84"
97,2019,12500,380002,32200,"Reintegros ej.cerrados de OP, Urb., Vivienda y Tte",,,,"3.074,02","3.074,02"
98,2019,12500,380002,39001,"Reintegros ej.cerrados de OP, Urb., Vivienda y Tte",,,,"23.201,69","23.201,69"
99,2019,12500,380002,39117,"Reintegros ej.cerrados de OP, Urb., Vivienda y Tte",,,,"347.141,50","347.141,50"
100,2019,12500,380002,91003,"Reintegros ej.cerrados de OP, Urb., Vivienda y Tte",,,,"307.468,08","307.468,08"
101,2019,12500,380003,91003,"Reintegros ej.cer de Agricultura, Ganadería y M.Am",,,,"247,55","247,55"
102,2019,12500,380004,14201,Reintegros ej.cerrados de Industria e Innovación,,,,"26.518,00","26.518,00"
103,2019,12500,380004,39048,Reintegros ej.cerrados de Industria e Innovación,,,,"7.526,92","7.526,92"
104,2019,12500,380004,39103,Reintegros ej.cerrados de Industria e Innovación,,,,"8.000,00","8.000,00"
105,2019,12500,380004,91003,Reintegros ej.cerrados de Industria e Innovación,,,,"26.571,76","26.571,76"
106,2019,12500,380004,91102,Reintegros ej.cerrados de Industria e Innovación,,,,"14,31","14,31"
107,2019,12500,380005,91003,"Reintegros ej.cerrados de Sanidad, B. Social y Fam",,,,"11.280,28","11.280,28"
108,2019,12500,380006,32200,"Reintegros ej.cerrados de Educ., Univ., Cult. y D",,,,"323.996,91","323.996,91"
109,2019,12500,380006,39092,"Reintegros ej.cerrados de Educ., Univ., Cult. y D",,,,"478,44","478,44"
110,2019,12500,380006,91003,"Reintegros ej.cerrados de Educ., Univ., Cult. y D",,,,"654.649,85","654.649,85"
111,2019,12500,380007,91003,Reintegros ej.cerrados de Economía y Empleo,,,,"95.869,31","95.869,31"
112,2019,12500,380009,11201,"Reint. ejerc. cerrados Sanidad, B.Social y Familia",,,,"426,67","426,67"
113,2019,12500,380009,37001,"Reint. ejerc. cerrados Sanidad, B.Social y Familia",,"74.857,96","74.857,96","74.857,96","74.857,96"
114,2019,12500,380009,91003,"Reint. ejerc. cerrados Sanidad, B.Social y Familia",,,,"129.860,32","129.860,32"
115,2019,12500,380100,11201,Reintegros de ejercicios cerrados,,,,"46.780,50","46.780,50"
116,2019,12500,380100,91003,Reintegros de ejercicios cerrados,,,,"73.538,54","73.538,54"
117,2019,12500,381000,91003,Reintegros ej. corriente de Presidencia y Justicia,,,,"4.047,19","4.047,19"
118,2019,12500,381001,91003,Reintegros ej. corriente de Hacienda y Adm. Públic,,,,"11.519,43","11.519,43"
119,2019,12500,381002,91003,"Reintegros ej. corriente de OOPP, Urb, Viv y Trans",,,,"137.514,36","137.514,36"
120,2019,12500,381003,12101,"Reintegros ej. corriente de Agricultura,Gan y M.Am",,,,"663.596,63","663.596,63"
121,2019,12500,381003,12202,"Reintegros ej. corriente de Agricultura,Gan y M.Am",,,,"173.992,32","173.992,32"
122,2019,12500,381003,34031,"Reintegros ej. corriente de Agricultura,Gan y M.Am",,,,"2.330,38","2.330,38"
123,2019,12500,381003,34047,"Reintegros ej. corriente de Agricultura,Gan y M.Am",,,,"522,56","522,56"
124,2019,12500,381003,34059,"Reintegros ej. corriente de Agricultura,Gan y M.Am",,,,"4.610,24","4.610,24"
125,2019,12500,381003,36001,"Reintegros ej. corriente de Agricultura,Gan y M.Am",,,,"2.514,56","2.514,56"
126,2019,12500,381003,36004,"Reintegros ej. corriente de Agricultura,Gan y M.Am",,,,"5.890,71","5.890,71"
127,2019,12500,381003,91003,"Reintegros ej. corriente de Agricultura,Gan y M.Am",,,,"80.470,02","80.470,02"
128,2019,12500,381004,91003,Reintegros ej. corriente de Industria e Innovación,,,,"453,75","453,75"
129,2019,12500,381005,91003,"Reintegros ej. corriente de Sanidad, B Social y Fa",,,,"48,4","48,4"
130,2019,12500,381006,91003,"Reintegros ej. corriente de Educ,Uni,Cult y Deport",,,,"110.606,95","110.606,95"
131,2019,12500,381098,91003,Reintegros de pagos a justificar,,,,"46.555,53","46.555,53"
132,2019,12500,390000,91003,Costas por sentencias judiciales,"200.000,00",,"200.000,00","407.381,74","356.258,83"
133,2019,12500,390001,91003,Daños carreteras,,,,"90.913,65","79.732,58"
134,2019,12500,390003,91003,Aportaciones por gastos centralizados,,"74.401,72","74.401,72","74.401,72","74.401,72"
135,2019,12500,391000,91003,Daños en carreteras,"85.000,00",,"85.000,00",,
136,2019,12500,393012,91003,Cursos y otros ingresos de P. Territorial e Interi,,"38.000,00","38.000,00","38.000,00","38.000,00"
137,2019,12500,395000,91003,Multas y sanciones de Presidencia y Justicia,,,,"120.395,23","106.395,23"
138,2019,12500,395001,91003,Multas y sanciones de Hacienda y Admón Pública,,,,"306.936,91","306.936,91"
139,2019,12500,395002,91003,"Multas y sanciones de Obras P., Urb., Viv. y Ttes.","2.537.000,00",,"2.537.000,00","3.489.695,53","2.484.679,99"
140,2019,12500,395003,91003,"Multas y sanciones de Agricultura, Ganad. y M.Amb.",,,,"1.234.504,48","637.514,29"
141,2019,12500,395004,91003,Multas y sanciones de Industria e Innovación,,,,"170.504,94","59.718,67"
142,2019,12500,395005,91003,"Multas y sanciones de Sanidad, B. Social y Familia","560.000,00",,"560.000,00","955.293,87","319.719,28"
143,2019,12500,395006,91003,"Multas y sanciones de Educación, Univ., Cult. y D.",,,,"18.867,00","15.867,00"
144,2019,12500,395007,91003,Multas y sanciones de Economía y Empleo,"2.337.000,00",,"2.337.000,00","4.669.497,10","3.382.166,55"
145,2019,12500,395008,91003,Multas y sanciones Política Territorial e Interior,"150.000,00",,"150.000,00","16.115,00","16.115,00"
146,2019,12500,395009,91003,SERVICIOS SOCIALES Y FAMILIA,,,,"67.308,81","66.498,81"
147,2019,12500,395100,91003,Multas y sanciones,"270.000,00",,"270.000,00",,
148,2019,12500,396000,91003,Ing.diversos.Rec eventuales.Presidencia y Justicia,,,,"833,01","833,01"
149,2019,12500,396001,91003,Ing.diversos.Rec eventuales.Hacienda y AP,,,,"10.921,20","10.921,20"
150,2019,12500,396002,91003,"Ing.diversos.Rec eventuales.OP,Urb,Viv y Transport",,,,"911,89","911,89"
151,2019,12500,396003,91003,"Ing.diversos.Rec eventuales.Agricultura,Gan y M Am","395.000,00",,"395.000,00","2.599,89","2.599,89"
152,2019,12500,396006,91003,"Ing.diversos.Rec eventuales.Educación,Univ,Cult,De",,,,"26.877,26","26.877,26"
153,2019,12500,396009,72023,"Indemnizaciones, incautaciones, penalidades, etc.",,"25.213,50","25.213,50","25.213,50","25.213,50"
154,2019,12500,396009,91003,"Indemnizaciones, incautaciones, penalidades, etc.",,,,"457.957,90","457.957,90"
155,2019,12500,396101,91003,Ing. diversos procedentes Entes suprimidos,,,,"33.679,72","33.679,72"
156,2019,12500,398001,91003,Recargo de apremio,,,,"4.932,59","4.932,59"
157,2019,12500,398002,91003,Intereses de demora,,,,"122.554,00","111.719,56"
158,2019,12500,400050,91003,Fondo Suficiencia Global,"271.245.790,00",,"271.245.790,00","282.601.690,00","282.601.690,00"
159,2019,12500,400051,91003,Fondo de Garantía Servicios Públicos Fundamentales,"110.499.300,00",,"110.499.300,00","144.518.032,81","144.518.032,81"
160,2019,12500,400150,91003,FondoSuficiencia Global liquidación ej. anteriores,"-9.209.550,00",,"-9.209.550,00","-16.823.517,05","-16.823.517,05"
161,2019,12500,400162,91003,Fondo Garantia Liquidación Ejercicios Anteriores,"49.620.820,00",,"49.620.820,00","67.731.137,59","67.731.137,59"
162,2019,12500,400170,91003,Fondos de Convergencia Autonómica Ejerc. Anterior,"129.380.980,00",,"129.380.980,00","77.769.877,11","77.769.877,11"
163,2019,12500,400402,91003,Cancelación Aticipos a Comunidades Autónomas,"-35.375.400,00",,"-35.375.400,00","-35.375.400,00","-35.375.400,00"
164,2019,12500,403004,91003,Estadística agraria,"70.000,00",,"70.000,00","71.406,13",
165,2019,12500,403099,34011,"Otras subvenciones de Agricultura, Gan. y M.A.","180.000,00",,"180.000,00","158.443,99","158.443,99"
166,2019,12500,403099,34015,"Otras subvenciones de Agricultura, Gan. y M.A.","67.500,00",,"67.500,00",,
167,2019,12500,403099,34016,"Otras subvenciones de Agricultura, Gan. y M.A.","10.000,00",,"10.000,00",,
168,2019,12500,403099,34017,"Otras subvenciones de Agricultura, Gan. y M.A.","225.000,00",,"225.000,00",,
169,2019,12500,403099,34039,"Otras subvenciones de Agricultura, Gan. y M.A.","115.000,00",,"115.000,00",,
170,2019,12500,403099,34045,"Otras subvenciones de Agricultura, Gan. y M.A.","220.400,00",,"220.400,00","163.408,53","163.408,53"
171,2019,12500,403099,34056,"Otras subvenciones de Agricultura, Gan. y M.A.","51.009,43",,"51.009,43",,
172,2019,12500,403099,34061,"Otras subvenciones de Agricultura, Gan. y M.A.","19.000,00",,"19.000,00",,
173,2019,12500,403099,34062,"Otras subvenciones de Agricultura, Gan. y M.A.","130.150,00",,"130.150,00",,
174,2019,12500,403099,36001,"Otras subvenciones de Agricultura, Gan. y M.A.","615.023,70",,"615.023,70","529.405,40","529.405,40"
175,2019,12500,404003,35005,Pensiones a ancianos y enfermos,"9.000,00",,"9.000,00","8.392,16","6.593,84"
176,2019,12500,404005,35012,Plan de desarrollo gitano,"8.303,00",,"8.303,00","8.302,34","5.302,59"
177,2019,12500,404006,35013,Prestaciones básicas de Servicios Sociales,"942.956,00","429.184,00","1.372.140,00","1.372.140,00","1.372.140,00"
178,2019,12500,404009,35014,Erradicación de la pobreza,,"2.157.292,00","2.157.292,00","2.157.032,00","2.157.032,00"
179,2019,12500,404021,39054,Víctimas violencia de género,"369.600,00",,"369.600,00","152.315,58","152.315,58"
180,2019,12500,404021,39092,Víctimas violencia de género,"211.371,00","3.340.534,23","3.551.905,23","5.036.683,71","5.036.683,71"
181,2019,12500,404099,37001,Otras subv. Empleo y de Servicios Sociales,,"8.981.474,48","8.981.474,48","8.965.085,94","8.965.085,94"
182,2019,12500,405001,39015,Fomento de la donación y trasplante de órganos,"53.000,00",,"53.000,00","94.424,58","61.390,58"
183,2019,12500,405003,39018,Actuaciones en drogodependencias,"470.000,00",,"470.000,00","470.443,34","470.443,34"
184,2019,12500,405004,39129,Prevención de enfermedades emergentes,,,,"101.004,87",0
185,2019,12500,405005,39016,Junta Arbitral de Consumo,"19.775,00",,"19.775,00","38.783,56","38.783,56"
186,2019,12500,405006,39027,Políticas de cohesión y estrategias de salud,"130.000,00",,"130.000,00",,
187,2019,12500,405007,39049,Form.Cont.Uso racional del medicamento para médic.,"616.000,00",,"616.000,00","665.985,00",
188,2019,12500,405099,39130,Otras subvenciones en materia de Salud y Consumo,,,,"64.782,00",
189,2019,12500,407001,39074,Libros y bibliotecas,,,,"-7.620,23","-7.620,23"
190,2019,12500,407003,39062,Funcionamiento de centros docentes,,,,"-221.863,75","-221.863,75"
191,2019,12500,407008,39123,Subvenciones Educación y Ciencia,,,,"-462.078,35","-462.078,35"
192,2019,12500,407008,39124,Subvenciones Educación y Ciencia,,,,"-25.458,34","-25.458,34"
193,2019,12500,407018,39107,Calidad en Formación Profesional,,"279.811,13","279.811,13",,
194,2019,12500,407018,39108,Calidad en Formación Profesional,,"111.327,57","111.327,57",,
195,2019,12500,407018,39122,Calidad en Formación Profesional,"75.000,00","765.755,23","840.755,23","211.552,77","211.552,77"
196,2019,12500,407019,39122,Formación Profesional Dual,,,,"501.037,68","501.037,68"
197,2019,12500,407099,39026,"Otras subvenciones  Educación, Cultura y Deporte","5.000,00",,"5.000,00",,
198,2019,12500,407099,39059,"Otras subvenciones  Educación, Cultura y Deporte",,,,"-101.334,79","-101.334,79"
199,2019,12500,407099,39107,"Otras subvenciones  Educación, Cultura y Deporte",,,,"268.529,96","268.529,96"
200,2019,12500,407099,39108,"Otras subvenciones  Educación, Cultura y Deporte",,"98.512,08","98.512,08","121.677,07","121.677,07"
201,2019,12500,407099,39112,"Otras subvenciones  Educación, Cultura y Deporte",,,,"1.750.588,00","1.750.588,00"
202,2019,12500,409009,39071,Otras subvenciones de Administraciones Públicas,,"1.498.894,75","1.498.894,75","1.498.894,75","1.498.894,75"
203,2019,12500,419000,39042,Centro Superior Deportes: Fomento actividad depor.,"34.481,00","58.148,26","92.629,26","43.520,61","43.520,61"
204,2019,12500,419007,39040,Instituto Nacional de Administración Pública INAP,,"1.517.760,00","1.517.760,00","1.517.760,00","1.517.760,00"
205,2019,12500,420000,91003,"Fondo programa de ""Ahorro e incapacidad temporal""","9.650.525,35",,"9.650.525,35","6.713.862,43","6.713.862,43"
206,2019,12500,421001,35011,Plan Acción a favor de pers. situación dependencia,,,,"39.361.835,02","39.361.835,02"
207,2019,12500,421001,91003,Plan Acción a favor de pers. situación dependencia,"33.630.000,00",,"33.630.000,00",,
208,2019,12500,440009,58001,Otras subv. de Empresas Públicas y Entes Públicos,,,,"-19.360,00","-19.360,00"
209,2019,12500,480009,72008,"Otras subv. familias,instituciones sin fines lucro",,,,"-558,54","-558,54"
210,2019,12500,492200,14201,Programa Operativo FEDER 2014-2020,"3.043.592,00","-724.156,71","2.319.435,29",,
211,2019,12500,492201,14202,PProg Op. INTERREG V-A-ESPAÑA-FRA-AND 2014-2020,"256.260,60","-58.500,00","197.760,60","71.034,56","71.034,56"
212,2019,12500,493200,11201,Fondo Social Europeo- Programa Operativo 2014-2020,"17.464.279,64","-830.244,81","16.634.034,83","13.423.534,49","13.423.534,49"
213,2019,12500,496000,12101,Agricultura -Política Agraria Común,"429.458.258,12","23.976.477,00","453.434.735,12","449.775.214,03","449.775.214,03"
214,2019,12500,496000,91003,Agricultura -Política Agraria Común,,,,"91.766,71","91.766,71"
215,2019,12500,496002,12101,PAC no intermediación,,"1.073.409,00","1.073.409,00",,
216,2019,12500,496009,12101,Agricultura- Otras subvenciones corrientes,"2.173.409,00","-1.023.409,00","1.150.000,00","1.124.420,09","1.124.420,09"
217,2019,12500,497000,12202,Fondo Europeo Agrícola de Desarrollo Rural,"5.836.980,66","-10.487,45","5.826.493,21","5.681.067,88","5.681.067,88"
218,2019,12500,499000,19001,Punto de Información Europea,"30.210,00",,"30.210,00","30.210,00","30.210,00"
219,2019,12500,499099,19090,Otras subvenciones del exterior,"4.703.042,00",,"4.703.042,00","1.279.839,21","1.279.839,21"
220,2019,12500,511000,91003,Intereses de Préstamos Concedidos,,,,"2.057.532,12","902.240,26"
221,2019,12500,511003,91003,Intereses por prestamos BEI convenio 2013,"454.208,39",,"454.208,39","327.804,17","327.804,17"
222,2019,12500,512000,91003,Intereses de Avales Otorgados,,,,"192.112,15","192.112,15"
223,2019,12500,520000,91003,Intereses,"106.910,00",,"106.910,00","54.480,50","54.480,50"
224,2019,12500,520002,91003,Intereses vivienda,,,,"32.006,24","32.006,24"
225,2019,12500,540001,91003,Renta de Inmuebles,"86.259,00",,"86.259,00","151.384,28","6.927,22"
226,2019,12500,540008,91003,Arrendamientos de locales,"1.500,00",,"1.500,00","6.658,12","6.658,12"
227,2019,12500,540009,91003,Alquileres de viviendas,"470.000,00",,"470.000,00","434.092,80","425.580,54"
228,2019,12500,550001,91003,Cánones de concesiones,"1.890.000,00",,"1.890.000,00","1.396.271,96","1.395.617,20"
229,2019,12500,551000,91003,Ingresos de productos,,,,"2.663,50","2.663,50"
230,2019,12500,552002,91003,De producción agraria,,,,"2.413,95","940,46"
231,2019,12500,552003,72013,De protección y gestión de los montes,"450.000,00",,"450.000,00",,
232,2019,12500,552003,91003,De protección y gestión de los montes,,,,"789.874,92","605.228,64"
233,2019,12500,552004,91003,De tecnología agraria,,,,610,610
234,2019,12500,552006,91003,Reservas nacionales caza,,,,"205.475,79","183.739,49"
235,2019,12500,552007,91003,10% Fondo mejoras forestales,,,,"84.451,80","43.595,58"
236,2019,12500,552008,91003,Permisos de caza en cotos sociales,,,,"6.858,25","6.337,25"
237,2019,12500,552009,91003,Otros aprovechamientos,,,,"30.278,76","29.915,06"
238,2019,12500,553000,91003,Cánones de I.T.V. privadas,"5.202.000,00",,"5.202.000,00","5.623.844,95","4.648.304,11"
239,2019,12500,553003,91003,"De Educación, Universidad, Cultura y Deporte","6.485,00",,"6.485,00","1.261,16","1.000,00"
240,2019,12500,553008,91003,"Cánones, gestión de residuos",,,,"1.585.954,10","1.043.271,81"
241,2019,12500,553009,91003,Otros cánones,"69.475,00",,"69.475,00","279.584,52","222.178,82"
242,2019,12500,559009,91003,Otros aprovechamientos,"38.906,00",,"38.906,00","24.233,02","4.100,79"
243,2019,12500,590000,91003,Ingresos por viviendas de promoción pública,"1.000.000,00",,"1.000.000,00",,
244,2019,12500,600001,91003,"De Economía, Hacienda y Empleo",,,,"6.959,22","6.959,22"
245,2019,12500,610000,91003,Venta de inversiones reales- Varios,,,,200,200
246,2019,12500,620000,91003,Venta de inmuebles,,,,"32.060,46","32.060,46"
247,2019,12500,702001,36004,Acciones prioritarias: incendios forestales,"2.379.100,62",,"2.379.100,62","2.202.516,09","2.202.516,09"
248,2019,12500,702009,36001,Otras subvenciones en materia de Medio Ambiente,"194.576,39",,"194.576,39","206.863,98","206.863,98"
249,2019,12500,702009,36006,Otras subvenciones en materia de Medio Ambiente,,,,"303.693,99","303.693,99"
250,2019,12500,702009,36012,Otras subvenciones en materia de Medio Ambiente,"789.386,13",,"789.386,13","260.606,33","260.606,33"
251,2019,12500,702009,36013,Otras subvenciones en materia de Medio Ambiente,"343.946,76",,"343.946,76",,
252,2019,12500,702009,39128,Otras subvenciones en materia de Medio Ambiente,"1.500.000,00",,"1.500.000,00",,
253,2019,12500,704002,39127,Plan de vivienda,"13.170.040,00","395.960,00","13.566.000,00","13.566.000,00","13.566.000,00"
254,2019,12500,705006,34021,Campañas de sanidad animal,"250.000,00",,"250.000,00","311.683,88","311.683,88"
255,2019,12500,705006,34039,Campañas de sanidad animal,,,,"79.573,00","79.573,00"
256,2019,12500,705008,34006,Apicultura,"107.000,00",,"107.000,00","104.045,14","104.045,14"
257,2019,12500,705009,34046,Otras subvenciones de capital,"664.283,11",,"664.283,11","694.721,91","694.721,91"
258,2019,12500,705009,34047,Otras subvenciones de capital,"2.921.653,98",,"2.921.653,98","1.614.874,59","1.614.874,59"
259,2019,12500,705010,34026,Agrup.Tratam. Integrado Agricultura (ATRIAS),,,,"-3.269,10","-3.269,10"
260,2019,12500,705013,34015,Semillas y plantas de viveros,"114.189,00","39.611,00","153.800,00","227.200,00","227.200,00"
261,2019,12500,705014,34007,Industrias Agrarias,"2.790.296,07",,"2.790.296,07","3.468.235,81","3.468.235,81"
262,2019,12500,705015,34059,Modernización de explotaciones,"1.957.000,00",,"1.957.000,00","767.857,77","767.857,77"
263,2019,12500,705017,34017,Lucha contra agentes nocivos,"150.010,00",,"150.010,00","394.586,65","394.586,65"
264,2019,12500,705018,34023,Control lechero,"50.000,00",,"50.000,00","17.329,00","17.329,00"
265,2019,12500,705021,34004,Agroambientales,"1.372.377,50",,"1.372.377,50","1.063.432,88","1.063.432,88"
266,2019,12500,705022,34031,Cese anticipado,"69.350,00",,"69.350,00","30.419,15","30.419,15"
267,2019,12500,705026,34016,Nuevas variedades vegetales,"149.000,00",,"149.000,00","118.984,00","65.384,00"
268,2019,12500,709001,32200,Plan Especial de Teruel,"30.000.000,00",,"30.000.000,00","30.000.000,00",
269,2019,12500,719006,36008,Parques Nacionales,,,,"173.143,19","173.143,19"
270,2019,12500,740002,39132,programa MOVES,,"1.264.570,62","1.264.570,62","1.264.570,62","1.264.570,62"
271,2019,12500,740003,39133,Progr.ef.energética PYME y empresa industrial,,"10.562.941,35","10.562.941,35","10.562.941,35","10.562.941,35"
272,2019,12500,780009,91003,Otras Transferencias De Familias Y Otras Instituc.,,,,"375.914,52","375.914,52"
273,2019,12500,792002,14106,Programa Interreg Europe FEDER,,"38.046,41","38.046,41","38.046,41","33.058,45"
274,2019,12500,792099,14203,Otras transferencias de capital,"13.650,00",,"13.650,00",,
275,2019,12500,792200,14201,Programa Operativo FEDER 2014-2020,"15.869.665,79","-2.110.993,41","13.758.672,38","17.139.852,37","17.139.852,37"
276,2019,12500,792200,14202,Programa Operativo FEDER 2014-2020,,,,"39.282,30","39.282,30"
277,2019,12500,792201,14202,Prog Op. INTERREG V-A-ESPAÑA-FRA-AND 2014-2020,"259.675,00","-30.145,47","229.529,53","23.160,21","23.160,21"
278,2019,12500,792201,14203,Prog Op. INTERREG V-A-ESPAÑA-FRA-AND 2014-2020,,,,"80.490,59","80.490,59"
279,2019,12500,792201,14204,Prog Op. INTERREG V-A-ESPAÑA-FRA-AND 2014-2020,,,,"42.269,08","42.269,08"
280,2019,12500,796000,12101,Fondo Europeo Agrícola de Garantía,"10.000.000,00",,"10.000.000,00","8.889.100,52","8.889.100,52"
281,2019,12500,796002,12101,Plan Nacional Apícola,"214.000,00",,"214.000,00","208.083,90","208.083,90"
282,2019,12500,797000,12202,Forestación,"1.632.192,15",,"1.632.192,15","1.031.688,30","1.031.688,30"
283,2019,12500,797001,12202,Agroambientales,"11.938.039,00",,"11.938.039,00","10.487.963,61","10.487.963,61"
284,2019,12500,797002,12202,Cese Anticipado,"140.450,00",,"140.450,00","73.241,28","73.241,28"
285,2019,12500,797003,12202,Indemnización Compensación Básica,"4.393.500,00",,"4.393.500,00","8.796.430,21","8.796.430,21"
286,2019,12500,797005,12202,Creación de regadíos,"1.673.200,00",,"1.673.200,00","883.285,09","883.285,09"
287,2019,12500,797006,12202,Modernización de regadíos,"5.013.295,66",,"5.013.295,66","4.442.959,70","4.442.959,70"
288,2019,12500,797012,12202,P.D.R.- Transf. y comercializ. productos agrícolas,"9.236.089,02",,"9.236.089,02","16.067.219,54","16.067.219,54"
289,2019,12500,797013,12202,PDR Medidas forestales,"5.302.560,75",,"5.302.560,75","6.655.873,90","6.655.873,90"
290,2019,12500,797014,12202,PDR Concentración  parcelaria,"3.170.301,00",,"3.170.301,00","2.410.288,83","2.410.288,83"
291,2019,12500,797018,12202,PDR Protección del  Medio Ambiente,,,,"154.292,41","154.292,41"
292,2019,12500,797023,12202,P.D.R- Fomento de actividades turísticas,,,,"94.929,42","94.929,42"
293,2019,12500,797025,12202,P.D.R- Inversiones en explotaciones agrícolas,"5.459.000,00",,"5.459.000,00","2.154.782,69","2.154.782,69"
294,2019,12500,797026,12202,P.D.R- Instalaciones jóvenes agricultores,"9.600.000,00",,"9.600.000,00","10.553.179,89","10.553.179,89"
295,2019,12500,797099,12202,Otras transferencias de capital,"12.252.829,85","-99.961,91","12.152.867,94","9.462.971,82","9.462.971,82"
296,2019,12500,798000,15101,Fondo Europeo de Pesca,"293.837,00",,"293.837,00",,
297,2019,12500,799000,12101,Otras subvenciones del exterior,"200.000,00",,"200.000,00",,
298,2019,12500,799000,19003,Otras subvenciones del exterior,"116.000,00",,"116.000,00","58.137,00","58.137,00"
299,2019,12500,821001,91003,Reintegros préstamos convenios con EE Locales,"2.400.000,00",,"2.400.000,00",,
300,2019,12500,821002,91003,"Reintegros préstamos a largo plazo, convenios BEI","12.500.000,00",,"12.500.000,00","12.499.999,99","12.499.999,99"
301,2019,12500,821009,91003,Reintegros a largo plazo de vivienda y rehab.,,,,"2.716.405,41","2.703.630,15"
302,2019,12500,850000,91003,Inversiones en derechos s/patrim neto entid grupo,,"14.890.980,00","14.890.980,00","14.890.980,00","14.890.980,00"
303,2019,12500,870000,39127,Remanentes de Tesorería,,"12.514.124,00","12.514.124,00",,
304,2019,12500,910000,91003,Préstamos recibidos a largo plazo,,"201.865.012,50","201.865.012,50",,
305,2019,12500,910105,91003,Préstamos L/P Fondo Liquidez Autonómico Déficit,"151.095.648,32",,"151.095.648,32","38.959.996,32","38.959.996,32"
306,2019,12500,910106,91003,Préstamos L/P Fondo Liquidez Autonómico Vencimient,"1.045.383.293,18","162.475.932,07","1.207.859.225,25","1.218.793.950,96","1.217.779.172,03"
307,2019,12500,910107,91003,Préstamos L/P Fondo Liquidez Autonómico Liq.Negati,"35.375.410,00",,"35.375.410,00","35.375.400,00","35.375.400,00"
308,2019,12510,110000,91003,Sobre adquisiciones por herencia o legado,,,,"67.228.160,28","60.068.652,56"
309,2019,12510,110003,91003,Donaciones,,,,"3.796.824,51","3.567.342,63"
310,2019,12510,111000,91003,Sobre el patrimonio neto de las personas físicas,,,,"45.956.236,21","45.788.481,80"
311,2019,12510,112000,91003,S/Grandes Areas de Venta,,,,"5.038.413,06","5.038.413,06"
312,2019,12510,115000,91003,Impuestos Depósitos Entidades de Crédito,,,,"10.315.043,73","10.315.043,73"
313,2019,12510,200000,91003,Sobre Transmisiones Patrimoniales Onerosas,,,,"86.805.681,03","85.055.404,68"
314,2019,12510,200001,91003,Sobre Operaciones Societarias,,,,"736.509,15","725.833,44"
315,2019,12510,200002,91003,Sobre Transmisiones de vehículos,,,,"1.406.039,11","1.401.206,92"
316,2019,12510,201000,91003,Documentos Notariales,,,,"51.000.270,35","50.754.733,19"
317,2019,12510,201002,91003,Documentos Administrativos,,,,"1.494.994,99","1.494.994,99"
318,2019,12510,220004,91003,S/ venta minorista de determinados hidrocarburos,,,,"3.068,26","2.998,21"
319,2019,12510,220005,91003,Sobre determinados medios de transporte,,,,"11.726.173,62","10.829.451,23"
320,2019,12510,220049,91003,Tramo autonómico s/hidrocarburos,,,,"607.248,65","607.248,65"
321,2019,12510,232000,91003,S/ Emisiones contaminantes,,,,"908.698,18","908.698,18"
322,2019,12510,233000,91003,S/ Tendidos aéreos,,,,"35.079,70","35.079,70"
323,2019,12510,234000,91003,S/ aprovechamiento hidroeléctrico,,,,"17.624.051,78","17.624.051,78"
324,2019,12510,235000,91003,S/ líneas de alta tensión,,,,"2.005.231,34","2.005.231,34"
325,2019,12510,240000,91003,Casinos,,,,"335.538,95","335.538,95"
326,2019,12510,240001,91003,Bingos,,,,"10.946.748,00","10.946.748,00"
327,2019,12510,240002,91003,Máquinas recreativas,,,,"20.418.354,42","17.998.680,93"
328,2019,12510,240003,91003,"Loterías,rifas,boletos y combinaciones aleatorias",,,,"1.550.646,40","1.546.038,24"
329,2019,12510,240004,91003,Bingo Electrónico,,,,"378.105,59","378.105,59"
330,2019,12510,250000,91003,Impuesto s/ actividades de juego,,,,"4.316.108,22","4.316.108,22"
331,2019,12510,398002,91003,Intereses de demora,,,,"4.364.928,44","3.804.459,78"
332,2019,12520,110000,91003,Sobre adquisiciones por herencia o legado,,,,"21.950.112,45","21.436.940,39"
333,2019,12520,110003,91003,Donaciones,,,,"850.665,34","832.750,19"
334,2019,12520,111000,91003,Sobre el patrimonio neto de las personas físicas,,,,"5.366,12","4.814,83"
335,2019,12520,200000,91003,Sobre Transmisiones Patrimoniales Onerosas,,,,"26.744.311,19","25.997.583,47"
336,2019,12520,200001,91003,Sobre Operaciones Societarias,,,,"80.990,13","78.815,20"
337,2019,12520,200002,91003,Sobre Transmisiones de vehículos,,,,"401.173,12","400.870,29"
338,2019,12520,201000,91003,Documentos Notariales,,,,"11.652.144,54","11.385.749,52"
339,2019,12520,201002,91003,Documentos Administrativos,,,,"4.933,46","4.933,46"
340,2019,12520,220005,91003,Sobre determinados medios de transporte,,,,"2.708.052,80","2.447.324,03"
341,2019,12520,240001,91003,Bingos,,,,"250.829,90","250.829,90"
342,2019,12520,240002,91003,Máquinas recreativas,,,,"4.178.417,91","3.184.605,91"
343,2019,12520,240003,91003,"Loterías,rifas,boletos y combinaciones aleatorias",,,,"32.376,64","32.376,64"
344,2019,12520,240004,91003,Bingo Electrónico,,,,"6.951,13","6.951,13"
345,2019,12520,398002,91003,Intereses de demora,,,,"88.663,97","86.926,38"
346,2019,12530,110000,91003,Sobre adquisiciones por herencia o legado,,,,"8.796.863,12","8.282.875,07"
347,2019,12530,110003,91003,Donaciones,,,,"496.273,59","478.230,08"
348,2019,12530,111000,91003,Sobre el patrimonio neto de las personas físicas,,,,"2.433,54","2.433,54"
349,2019,12530,200000,91003,Sobre Transmisiones Patrimoniales Onerosas,,,,"8.414.369,56","8.214.930,27"
350,2019,12530,200001,91003,Sobre Operaciones Societarias,,,,"58.772,49","58.772,49"
351,2019,12530,200002,91003,Sobre Transmisiones de vehículos,,,,"243.125,49","243.125,49"
352,2019,12530,201000,91003,Documentos Notariales,,,,"4.028.523,25","3.975.943,62"
353,2019,12530,201002,91003,Documentos Administrativos,,,,"13.366,30","13.366,30"
354,2019,12530,220005,91003,Sobre determinados medios de transporte,,,,"1.058.232,43","952.720,40"
355,2019,12530,240002,91003,Máquinas recreativas,,,,"2.317.740,86","1.959.803,08"
356,2019,12530,240003,91003,"Loterías,rifas,boletos y combinaciones aleatorias",,,,"252.816,01","252.816,01"
357,2019,12530,396001,91003,Ing.diversos.Rec eventuales.Hacienda y AP,,,,"10.307,96","10.307,96"
358,2019,12530,398002,91003,Intereses de demora,,,,"70.508,55","41.162,44"
359,2019,51000,329001,91003,Tasa 01- Dirección e inspección de obras,,,,"5.297,50","5.297,50"
360,2019,51000,330002,91003,Precios Públicos de los Centros de Form del INAEM,"1.470,00",,"1.470,00",240,240
361,2019,51000,380012,11101,Reint. ejerc. cerrados Instituto Aragonés Empleo,,,,"41.018,97","17.944,27"
362,2019,51000,380012,11201,Reint. ejerc. cerrados Instituto Aragonés Empleo,,,,"648.505,26","478.720,53"
363,2019,51000,380012,19090,Reint. ejerc. cerrados Instituto Aragonés Empleo,,,,"2.872,01","2.784,66"
364,2019,51000,380012,33003,Reint. ejerc. cerrados Instituto Aragonés Empleo,,,,"21.770,62","7.840,63"
365,2019,51000,380012,33004,Reint. ejerc. cerrados Instituto Aragonés Empleo,,,,"1.395.011,61","1.395.011,61"
366,2019,51000,380012,33005,Reint. ejerc. cerrados Instituto Aragonés Empleo,,,,"1.492.220,62","1.473.326,82"
367,2019,51000,380012,91003,Reint. ejerc. cerrados Instituto Aragonés Empleo,,,,"1.608.385,41","1.246.824,20"
368,2019,51000,381012,11201,Reint. Ppto. corriente INAEM,,,,"8.186,87","8.186,87"
369,2019,51000,381012,33004,Reint. Ppto. corriente INAEM,,,,"493,65","493,65"
370,2019,51000,381012,91003,Reint. Ppto. corriente INAEM,,,,"9.307,46","9.307,46"
371,2019,51000,396100,91003,Ingresos diversos. Recursos eventuales,,,,"7.479,09","7.479,09"
372,2019,51000,398001,91003,Recargo de apremio,,,,"23.896,50","23.896,50"
373,2019,51000,398002,91003,Intereses de demora,,,,"21.594,59","21.594,59"
374,2019,51000,404099,39071,Otras subv. Empleo y de Servicios Sociales,"95.011,00",,"95.011,00","68.975,82","68.975,82"
375,2019,51000,413000,33002,Conferencia Sectorial de Empleo,"1.164.577,00","453.409,00","1.617.986,00","1.192.799,99",0
376,2019,51000,413000,33004,Conferencia Sectorial de Empleo,"26.431.164,00","8.178.359,00","34.609.523,00","31.247.432,07","17.880.676,01"
377,2019,51000,413000,33005,Conferencia Sectorial de Empleo,"20.065.383,00","12.457.053,16","32.522.436,16","32.522.436,16","15.397.000,00"
378,2019,51000,413000,33010,Conferencia Sectorial de Empleo,"377.520,00",,"377.520,00",,
379,2019,51000,413000,39008,Conferencia Sectorial de Empleo,"201.096,00",,"201.096,00",,
380,2019,51000,520000,91003,Intereses,480,,480,,
381,2019,51000,713009,33002,Otras subvenciones Serv. Público de Empleo INEM,"159.590,00",,"159.590,00","160.000,00",
382,2019,51000,840001,91003,Títulos representativos de ppdad empresas privadas,,,,"3.728,84","3.728,84"
383,2019,52000,319115,91003,Prestación de servicios en hospitales del SALUD,"15.050.000,00","2.508.624,75","17.558.624,75","21.271.223,06","17.675.255,87"
384,2019,52000,329001,91003,Tasa 01- Dirección e inspección de obras,,"209.087,61","209.087,61","656.075,87","656.075,87"
385,2019,52000,329024,91003,Tasa 24-Derechos Examen pruebas selectiva C.Aut.,,"231,53","231,53","62.277,03","62.277,03"
386,2019,52000,380100,91003,Reintegros de ejercicios cerrados,,"21.818,77","21.818,77","29.425,45","29.425,45"
387,2019,52000,381100,91003,Reintegros de ejercicio corriente,,"265.567,46","265.567,46","277.212,55","277.212,55"
388,2019,52000,393005,91003,"Cursos y otros ingresos de Sanidad, BS y Familia",,"5.737,60","5.737,60","95.182,46","95.182,46"
389,2019,52000,396009,91003,"Indemnizaciones, incautaciones, penalidades, etc.",,"26.173,65","26.173,65","26.173,65","26.173,65"
390,2019,52000,396100,91003,Ingresos diversos. Recursos eventuales,,"60.644,34","60.644,34","97.448,25","79.755,95"
391,2019,52000,398001,91003,Recargo de apremio,,"438,53","438,53","438,53","438,53"
392,2019,52000,398002,91003,Intereses de demora,,"550,56","550,56","607,33","607,33"
393,2019,52000,405001,39015,Fomento de la donación y trasplante de órganos,,,,"22.445,46","22.445,46"
394,2019,52000,440009,72016,Otras subv. de Empresas Públicas y Entes Públicos,,"1.381.137,80","1.381.137,80","1.381.137,80","1.381.137,80"
395,2019,52000,470009,91003,Otras subvenciones de empresas,,"222.927,07","222.927,07","222.927,07","222.927,07"
396,2019,52000,499099,19090,Otras subvenciones del exterior,,"245.004,57","245.004,57","245.004,57","245.004,57"
397,2019,52000,520000,91003,Intereses,"50.000,00",,"50.000,00",,
398,2019,52000,553009,91003,Otros cánones,,"1.856.706,22","1.856.706,22","1.974.970,65","1.801.206,04"
399,2019,52000,750008,91003,Aportaciones Departamentos D.G.A.,,,,"-4.688,49","-4.688,49"
400,2019,53000,319100,11201,Prestación de Servicios en Residencias IASS,,"43.462,94","43.462,94",,
401,2019,53000,319100,91003,Prestación de Servicios en Residencias IASS,"11.150.000,00","-43.462,94","11.106.537,06","11.048.073,27","9.788.886,78"
402,2019,53000,319102,91003,Prest. Servicios Centros Sociales y clubs IASS,"175.000,00",,"175.000,00","142.503,57","118.416,41"
403,2019,53000,319116,11201,Prestación de Servicios en Residencias,,,,"32.824,04","22.938,24"
404,2019,53000,319116,91003,Prestación de Servicios en Residencias,"4.750.000,00",,"4.750.000,00","5.135.755,42","4.267.532,56"
405,2019,53000,319200,91003,Prestación Servicios - Copagos,"240.000,00",,"240.000,00","382.018,30","372.903,07"
406,2019,53000,329001,91003,Tasa 01- Dirección e inspección de obras,"10.000,00",,"10.000,00","119.116,71","119.116,71"
407,2019,53000,380010,11101,Reint. ejerc. cerrados I. A. Servicios Sociales,,,,"17.309,35","17.309,35"
408,2019,53000,380010,11201,Reint. ejerc. cerrados I. A. Servicios Sociales,,,,"2.588,44","1.479,24"
409,2019,53000,380010,91003,Reint. ejerc. cerrados I. A. Servicios Sociales,,,,"390.136,24","362.445,04"
410,2019,53000,381010,91003,Reint. Ppto. corriente I. A. Servicios Sociales,,,,"171.099,94","162.455,49"
411,2019,53000,395005,91003,"Multas y sanciones de Sanidad, B. Social y Familia","20.000,00",,"20.000,00","54.391,76","7.212,17"
412,2019,53000,396005,91003,"Ing.diversos.Rec eventuales.Sanidad, B Social y Fa",,,,"107.197,28","106.314,02"
413,2019,53000,396009,91003,"Indemnizaciones, incautaciones, penalidades, etc.",,"97.433,85","97.433,85","128.901,82","128.901,82"
414,2019,53000,398002,91003,Intereses de demora,,,,"209,98","138,77"
415,2019,53000,412001,33004,Escuelas Taller,,,,"206.924,22","206.924,22"
416,2019,53000,412001,55001,Escuelas Taller,,,,"19.692,07","19.692,07"
417,2019,53000,520000,91003,Intereses,"1.000,00",,"1.000,00",0,0
418,2019,53000,553010,91003,Canones del IASS,"14.000,00",,"14.000,00","21.159,94","17.783,08"
419,2019,53000,780009,72022,Otras Transferencias De Familias Y Otras Instituc.,,"822.374,92","822.374,92","822.374,92","822.374,92"
420,2019,54000,380100,91003,Reintegros de ejercicios cerrados,,,,"5.115,92","5.115,92"
421,2019,54000,396100,91003,Ingresos diversos. Recursos eventuales,,,,"8.131,46","8.131,46"
422,2019,54000,520000,91003,Intereses,"5.000,00",,"5.000,00","1,55",0
423,2019,55000,311001,91003,Prestación de Servicios en residencias (No operati,"565.726,00",,"565.726,00",,
424,2019,55000,311003,91003,Prestación de Servicios centros sociales y clubs (,"20.000,00",,"20.000,00",,
425,2019,55000,311008,91003,Prestación de Servicios en albergues (No operativo,"120.000,00",,"120.000,00",,
426,2019,55000,311009,91003,Prestación de servicios por Carné Joven (No operat,"583.000,00",,"583.000,00",,
427,2019,55000,319104,91003,Prestación de servicios por Carnés Juveniles,,,,634,634
428,2019,55000,319107,91003,Prestación de servicios en albergues,,,,"99.371,52","93.057,52"
429,2019,55000,319108,91003,Prestación de servicios del Carné Joven,,,,"397.541,79","376.750,31"
430,2019,55000,319116,91003,Prestación de Servicios en Residencias,,,,"731.532,58","698.817,36"
431,2019,55000,553009,91003,Otros cánones,,,,"1.043,94","1.043,94"
432,2019,71000,314002,91003,Prestación Servicios AST,,"2.427.378,50","2.427.378,50","2.442.029,06","1.977.260,24"
433,2019,71000,314003,91003,Prestación Servicios AST: IP,,"587.311,42","587.311,42","608.288,99","436.472,63"
434,2019,71000,381100,91003,Reintegros de ejercicio corriente,,,,580,580
435,2019,71000,412009,91003,Otras subvenciones Instituto Aragonés de Empleo,,"202.136,51","202.136,51","195.185,71",
436,2019,71000,440009,91003,Otras subv. de Empresas Públicas y Entes Públicos,,"25.609,35","25.609,35","114.552,84","55.171,88"
437,2019,71000,450008,91003,Aportaciones Departamentos D.G.A.,,"3.404.601,38","3.404.601,38","3.380.954,24","790.711,98"
438,2019,71000,792200,14201,Programa Operativo FEDER 2014-2020,"2.100.000,00",,"2.100.000,00","4.991.231,82","4.991.231,82"
439,2019,72000,230000,91003,Impuesto s/contaminación de las aguas,"66.155.525,00",,"66.155.525,00","69.237.419,47","47.470.613,46"
440,2019,72000,329001,91003,Tasa 01- Dirección e inspección de obras,"50.000,00",,"50.000,00","96.954,03","96.954,03"
441,2019,72000,329049,91003,TASA 49.- CLASIF.APROB. PLANES EMERG. P.E.BALSAS,,,,"20.500,00","20.500,00"
442,2019,72000,330009,91003,Tratamiento fosas sépticas,"100.000,00",,"100.000,00","190.423,85","146.817,53"
443,2019,72000,395100,91003,Multas y sanciones,"100.000,00",,"100.000,00","64.794,18","64.794,18"
444,2019,72000,396100,91003,Ingresos diversos. Recursos eventuales,"50.000,00",,"50.000,00","475.575,46","475.575,46"
445,2019,72000,398001,91003,Recargo de apremio,"500.000,00",,"500.000,00","208.822,86","208.822,86"
446,2019,72000,398002,91003,Intereses de demora,"50.000,00",,"50.000,00","11.031,36","11.031,36"
447,2019,72000,520000,91003,Intereses,"32.704,00",,"32.704,00","19.713,00","19.068,87"
448,2019,72000,821001,91003,Reintegros préstamos convenios con EE Locales,"286.166,00",,"286.166,00","249.493,69","230.074,55"
449,2019,73000,329020,91003,"Tasa 20-Aut, Insp y actu. cen y est. farmaceúticos","5.000,00",,"5.000,00","8.627,32","8.627,32"
450,2019,73000,329035,91003,Tasa 35- Tasa eval. ensayos clínicos y p. sanitari,"15.000,00",,"15.000,00","9.662,24","9.662,24"
451,2019,73000,330010,91003,Servicios Investigación Biomédica,"557.669,00",,"557.669,00","518.021,47","439.909,60"
452,2019,73000,380100,91003,Reintegros de ejercicios cerrados,,,,"2.167,50","2.167,50"
453,2019,73000,381100,91003,Reintegros de ejercicio corriente,,,,"1.566,75","1.130,00"
454,2019,73000,393005,91003,"Cursos y otros ingresos de Sanidad, BS y Familia","91.444,00",,"91.444,00","71.225,05","68.163,75"
455,2019,73000,396005,91003,"Ing.diversos.Rec eventuales.Sanidad, B Social y Fa","3.000,00",,"3.000,00","2.979,25","2.979,25"
456,2019,73000,405099,39053,Otras subvenciones en materia de Salud y Consumo,"1.087.905,00",,"1.087.905,00","890.913,60","210.913,60"
457,2019,73000,411009,55002,Otras subvenciones del Servicio Aragonés de Salud,"455.000,00","98.000,00","553.000,00","638.000,00",
458,2019,73000,440002,91003,Transferencia de la Universidad de Zaragoza,"165.446,00",,"165.446,00",,
459,2019,73000,440003,91003,Transf. Inst. Investigación Sanitaria de Aragón,"80.000,00",,"80.000,00","105.543,05","105.543,05"
460,2019,73000,450008,55007,Aportaciones Departamentos D.G.A.,,"210.805,00","210.805,00","212.555,00","57.455,65"
461,2019,73000,470009,72009,Otras subvenciones de empresas,"1.021.129,00",,"1.021.129,00","78.362,79","67.079,51"
462,2019,73000,499099,19090,Otras subvenciones del exterior,"983.178,00",,"983.178,00","140.254,96","140.254,96"
463,2019,73000,520000,91003,Intereses,"1.500,00",,"1.500,00",,
464,2019,73000,709009,39053,Otras subvenciones de capital,"20.000,00",,"20.000,00","23.605,17","3.605,17"
465,2019,73000,711009,55002,Otras subvenciones del Servicio Aragonés de Salud,"85.000,00",,"85.000,00",,
466,2019,73000,770010,72009,proyectos producción y transferencia conocimiento,"130.000,00",,"130.000,00","2.540,52","2.460,80"
467,2019,73000,799000,19090,Otras subvenciones del exterior,"54.500,00",,"54.500,00","1.416,72","1.416,72"
468,2019,74000,319319,72012,Prestación de Servicios en laboratorios,,,,"60.856,57","44.662,89"
469,2019,74000,319320,39037,Prestación servicios investigación agroalimentaria,,,,"151.097,52","151.097,52"
470,2019,74000,319320,72012,Prestación servicios investigación agroalimentaria,"500.000,00",,"500.000,00","402.727,73","381.182,73"
471,2019,74000,380100,91003,Reintegros de ejercicios cerrados,,,,"49.371,87","49.371,87"
472,2019,74000,381100,91003,Reintegros de ejercicio corriente,"50.000,00",,"50.000,00","97.458,82","97.458,82"
473,2019,74000,396100,91003,Ingresos diversos. Recursos eventuales,,,,"2.100,00","2.100,00"
474,2019,74000,450008,91003,Aportaciones Departamentos D.G.A.,"120.000,00",,"120.000,00","190.421,35","190.421,35"
475,2019,74000,552000,72012,De investigación agraria,"600.000,00",,"600.000,00","993.710,16","777.230,48"
476,2019,74000,552005,91003,Aprovechamientos de fincas agrícolas,"130.000,00",,"130.000,00","217.614,49","214.059,49"
477,2019,74000,707003,39037,Plan Nacional de Investigación,"1.500.000,00","1.668.044,96","3.168.044,96","1.635.205,89","1.266.442,37"
478,2019,74000,712009,55007,Otras subvenciones Instituto Aragonés de Empleo,,"53.071,41","53.071,41","53.071,41",
479,2019,74000,719011,39003,Instituto Nacional Investigación y Tecnología Agra,,,,"-2.618,40","-2.618,40"
480,2019,74000,719011,39037,Instituto Nacional Investigación y Tecnología Agra,,,,"192.117,83","192.117,83"
481,2019,74000,740009,55010,Otras subvenciones de capital,"100.000,00",,"100.000,00",,
482,2019,74000,750008,55007,Aportaciones Departamentos D.G.A.,"320.000,00","18.805,67","338.805,67","236.608,36","12.623,69"
483,2019,74000,760009,51007,Otras subvenciones de Diputaciones Provinciales,"50.000,00",,"50.000,00","50.000,00","50.000,00"
484,2019,74000,799000,19090,Otras subvenciones del exterior,"200.000,00","121.899,53","321.899,53","677.551,63","555.652,10"
485,2019,75000,329016,91003,Tasa 16-Expedición licencias caza y pesca,"1.970.000,00",,"1.970.000,00","1.950.928,34","1.950.928,34"
486,2019,75000,329017,91003,"Tasa 17-S. facul. montes, forestales y v. pecuaria","100.000,00",,"100.000,00","168.371,16","168.371,16"
487,2019,75000,329026,91003,Tasa 26-Tasa servicios gestión de los cotos,"900.000,00",,"900.000,00","924.902,26","924.902,26"
488,2019,75000,329028,91003,Tasa 28-Tasa ser.adm. protección del medio ambient,"625.000,00",,"625.000,00","1.096.866,16","1.096.866,16"
489,2019,75000,329029,91003,Tasa 29-Tasa S.Adm. conservación biodiversidad,"29.000,00",,"29.000,00","15.022,41","15.022,41"
490,2019,75000,329034,91003,Tasa 34-S. admtivos. calificación ambien act. clas,"280.000,00",,"280.000,00","182.286,72","182.286,72"
491,2019,76000,330014,91003,Ingresos de BST,"9.690.000,00",,"9.690.000,00","9.443.073,62","998.176,89"
492,2019,76000,396010,91003,Ingresos diversos Bco Sangre y Tejidos de Aragón,,,,"33.988,82","33.988,82"
493,2019,76000,610000,91003,Venta de inversiones reales- Varios,,,,"3.630,00","3.630,00"
494,2019,77000,319323,91003,Prestación Servicios o Actividades Propias ACPUA,"10.000,00",,"10.000,00","39.231,75","34.341,75"
495,2019,77000,381100,91003,Reintegros de ejercicio corriente,,,,"382,36","382,36"
