_id,EJERCICIO,GASTO/INGRESO,ORIGEN,FONDO,FINANCIACION,DESCRIPCION CORTA,DESCRIPCION LARGA
1,2015,G,1,,,UNIÓN EUROPEA,UNIÓN EUROPEA
2,2015,G,3,,,ADMINISTR. CENTRAL,ADMINISTRACIÓN CENTRAL
3,2015,G,5,,,OTRAS ADMINISTRACIONES PÚBLICAS,OTRAS ADMINISTRACIONES PÚBLICAS
4,2015,G,7,,,ENTES PRIVADOS,ENTES PRIVADOS
5,2015,G,9,,,RECURSOS PROPIOS,RECURSOS PROPIOS
6,2015,G,1,11,,FONDO SOCIAL EUROPEO,FONDO SOCIAL EUROPEO
7,2015,G,1,12,,FEAGA  - FEADER,FEAGA  - FEADER
8,2015,G,1,13,,FEOGA ORIENTACIÓN,FEOGA ORIENTACIÓN
9,2015,G,1,14,,F.E.D.E.R.,F.E.D.E.R.
10,2015,G,1,15,,IFOP - FEP,INSTR.FINANC. ORD. PESQUERA - FDO EUROPEO PESCA
11,2015,G,1,16,,FONDOS DE COHESIÓN,FONDOS DE COHESIÓN
12,2015,G,1,19,,OTRA FINANCIACIÓN EUROPEA,OTRA FINANCIACIÓN EUROPEA
13,2015,G,3,31,,Mº JUSTICIA,Mº JUSTICIA
14,2015,G,3,32,,PLANES ESPECÍFICOS,PLANES ESPECÍFICOS
15,2015,G,3,33,,CONF SECT DE EMPLEO,C.S. DE EMPLEO
16,2015,G,3,34,,CONF SECT DE AGRIC.,C.S. DE AGRICULTURA
17,2015,G,3,35,,CONF SECT DE S.SOC.,C.S. DE SERV. SOCIALES
18,2015,G,3,36,,CONF SECT DE M.AMB.,C.S. DE MEDIO AMBIENTE
19,2015,G,3,39,,OTR SUBV. ADM.CENTR.,OTRAS SUBVENCIONES DE LA ADMINISTRACIÓN CENTRAL
20,2015,G,5,51,,DIPUTACIONES PROVINCIALES,DIPUTACIONES PROVINCIALES
21,2015,G,5,52,,ADMNES. COMARCALES,ADMINISTRACIONES COMARCALES
22,2015,G,5,53,,AYUNTAMIENTOS,AYUNTAMIENTOS
23,2015,G,5,55,,C.A. ARAGÓN,COMUNIDAD AUTÓNOMA DE ARAGÓN
24,2015,G,5,59,,ONU,ORGANIZACIÓN NACIONES UNIDAS
25,2015,G,7,71,,ENTES PRIV.FINAN.,ENTES PRIVADOS FINANCIEROS
26,2015,G,7,72,,ENTES PRIV.NO FINAN.,ENTES PRIVADOS NO FINANCIEROS
27,2015,G,9,91,,RECURSOS PROPIOS,RECURSOS PROPIOS
28,2015,G,1,11,11099,FSE P. OPERAT. ANTER 2007,FSE PROG. OPERATIVOS ANTERIORES 2007
29,2015,G,1,11,11101,PROG.OP. FSE 2007-2013,PROGRAMA OPERATIVO FONDO SOCIAL EUROPEO 2007-2013
30,2015,G,1,11,11201,PROG.OP. FSE 2014-2020,PROGRAMA OPERATIVO FONDO SOCIAL EUROPEO 2014-2020
31,2015,G,1,12,12101,FEAGA GARANTÍA,FEAGA  GARANTÍA
32,2015,G,1,12,12102,FEADER 2007-2013,FEADER
33,2015,G,1,12,12202,FEADER 2014-2020,FEADER 2014-2020
34,2015,G,1,14,14099,FEDER P.OPERA. ANTER 2007,FEDER PROG. OPERATIVOS ANTERIORES 2007
35,2015,G,1,14,14101,PROG.OP. FEDER 2007-2013,PROGRAMA OPERATIVO FEDER 2007-2013
36,2015,G,1,14,14102,PROG. COOP. TRANSFRONTERI,PROGRAMA DE COOPERACIÓN TRANSFRONTERIZA
37,2015,G,1,14,14103,FEDER 2007-2013 PROY HITO,Programa Operativo FEDER 2007-2013 proyecto HITO
38,2015,G,1,14,14104,PROG. COOP. INTERREGIONAL,PROGRAMA DE COOPERACIÓN INTERRREGIONAL
39,2015,G,1,14,14105,PROG.COMUNIT. 2007-2013 POCTEFA EFA200/11. CULTURA,PROG.COMUNIT. 2007-2013 POCTEFA EFA200/11. CULTURA
40,2015,G,1,14,14201,PROG.OP. FEDER 2014-2020,PROGRAMA OPERATIVO FEDER 2014-2020
41,2015,G,1,15,15101,FONDO EUROPEO DE PESCA,FONDO EUROPEO DE PESCA
42,2015,G,1,16,16001,FONDO DE COHESIÓN,FONDO DE COHESIÓN
43,2015,G,1,19,19001,U E  PUNTO INF EUROP,UNION EUROPEA  (PUNTO INFORMACIÓN EUROPEA)
44,2015,G,1,19,19002,CONV UE PRUEBAS COMP,CONVENIO UE PRUEBAS COMPARATIVAS
45,2015,G,1,19,19003,PROGRAMA LIFE,PROGRAMA LIFE
46,2015,G,1,19,19004,F. E. ADAPTACIÓN GLOBALIZ,FONDO EUROPEO DE ADAPTACIÓN A LA GLOBALIZACIÓN
47,2015,G,1,19,19005,CONVENIO BEI,CONVENIO BEI
48,2015,G,1,19,19006,PROYECTO EUROPEO GRIAL,PROYECTO EUROPEO GRIAL
49,2015,G,1,19,19090,OTROS PROGRAMAS UE,OTROS PROGRAMAS CON FINANCIACION UE
50,2015,G,3,31,31000,ADICIONAL INV. JUSTICIA,ADICIONAL INVERSIONES DE ADMON. DE JUSTICIA
51,2015,G,3,32,32100,PLAN MINER,PLAN MINER
52,2015,G,3,32,32200,FONDO ESP TERUEL,FONDO ESPECIAL TERUEL
53,2015,G,3,32,32300,Des. Sost. Medio Rural,Desarrollo Sostenible en el Medio Rural
54,2015,G,3,33,33002,C.S.EMPLEO- MOD. SPE,C.S.EMPLEO - MODERNIZACIÓN SERVICIO PÚBLICO EMPLEO
55,2015,G,3,33,33003,C.S.EMPLEO - MINISTERIO EMPLEO Y SS,C.S.EMPLEO - MINISTERIO EMPLEO Y SS
56,2015,G,3,33,33004,C.S.EMPLEO- F.P.  EMPLEO,C.S.EMPLEO - FORMACIÓN PROFESIONAL PARA EMPLEO
57,2015,G,3,33,33005,C.S.EMPLEO- FOMENTO DE EMPLEO,C.S.EMPLEO - FOMENTO EMPLEO
58,2015,G,3,33,33006,C.S.EMPLEO- PLAN EXTR. B1,C.S.EMPLEO - PLAN EXTRAORDINARIO BLOQUE 1
59,2015,G,3,33,33007,C.S.EMPLEO- PLAN EXTR. B2,C.S.EMPLEO - PLAN EXTRAORDINARIO BLOQUE 2
60,2015,G,3,33,33008,C.S. EMPLEO-REDTRABAJA@,C.S. EMPLEO-REDTRABAJA@
61,2015,G,3,33,33009,C.S.EMPLEO- ACUERDO MARCO AGENCIAS COLOCACIÓN,C.S.EMPLEO- ACUERDO MARCO AGENCIAS COLOCACIÓN
62,2015,G,3,34,34001,CSA NAC COMPLEM PAC,C.S. AGRICULTURA - AYUDAS NACIONALES COMPLEM. PAC
63,2015,G,3,34,34002,CSA ABAND PR LECHERA,C.S. AGRICULTURA - PROG. ABANDONO PROD. LECHERA
64,2015,G,3,34,34003,CSA COMPET AGRARIA,C.S. AGRICULTURA - MEJORA COMPETITIVIDAD AGRARIA
65,2015,G,3,34,34004,CSA AGROAMBIENTALES,C.S. AGRICULTURA - MEDIDAS AGROAMBIENTALES
66,2015,G,3,34,34005,CSA AYU PER FRUT SEC,C.S. AGRICULTURA - AYUDA PERMANENTE FRUTOS SECOS
67,2015,G,3,34,34006,CSA PROGRAMA APICOLA,C.S. AGRICULTURA - PROGRAMA APICOLA
68,2015,G,3,34,34007,CSA INDUSTRIAS AGRO,C.S. AGRICULTURA - APOYO INDUSTRIAS AGROALIMENT.
69,2015,G,3,34,34008,CSA FIN ASOC AGRARIO,C.S. AGRICULTURA - FINANCIACION ASOCIAC. AGRARIO
70,2015,G,3,34,34009,CSA AGRUP PROD AGRAR,C.S. AGRICULTURA - AGRUP. PRODUCTORES AGRARIOS
71,2015,G,3,34,34010,CSA IFOP,C.S. AGRICULTURA - FONDO PROGRAMA IFOP
72,2015,G,3,34,34011,CSA ASOC RAZAS AUTOC,C.S. AGRICULTURA - APOYO ASOC. RAZAS AUTÓCTONAS
73,2015,G,3,34,34012,CSA SANIDAD ANIMAL,C.S. AGRICULTURA - PROGRAMA SANIDAD ANIMAL
74,2015,G,3,34,34013,CSA ENF PORCINAS,C.S. AGRICULTURA - PROGRAMA ENFERMEDADES PORCINAS
75,2015,G,3,34,34014,CSA IDENTIF ANIMAL,C.S. AGRICULTURA - IDENTIFICACION ANIMAL
76,2015,G,3,34,34015,CSA SEM PLANT VIVER,C.S. AGRICULTURA - SEMILLAS Y PLANTAS DE VIVEROS
77,2015,G,3,34,34016,CSA CONV ID FRUTALES,C.S. AGRICULTURA - CONV. IDENTIFICACIÓN FRUTALES
78,2015,G,3,34,34017,CSA LUCH CONT AG NOC,C.S. AGRICULTURA - LUCHA CONTRA AGENTES NOCIVOS
79,2015,G,3,34,34018,CSA PREV PLAGAS,C.S. AGRICULTURA - PREVENCION DE PLAGAS
80,2015,G,3,34,34019,CSA PR CALIDAD CARNE,C.S. AGRICULTURA - PROGRAMA CALIDAD DE LA CARNE
81,2015,G,3,34,34020,CSA FOM GAN EXT  AUT,C.S. AGRICULTURA - FTO GANADERIA EXT. AUTÓCTONA
82,2015,G,3,34,34021,CSA ERRAD ENF ANIM,C.S. AGRICULTURA - INDEM. ERRAD. ENFERM. ANIMALES
83,2015,G,3,34,34022,CSA PROGR SANITARIOS,C.S. AGRICULTURA - PROGRAMAS SANITARIOS
84,2015,G,3,34,34023,CSA CONTROL LECHERO,C.S. AGRICULTURA - CONTROL OFICIAL LECHERO
85,2015,G,3,34,34024,CSA M CALIDAD LECHE,C.S. AGRICULTURA - PROG MEJORA CALIDAD DE LA LECHE
86,2015,G,3,34,34025,CSA APOYO ADS,C.S. AGRICULTURA - APOYO ADS
87,2015,G,3,34,34026,CSA APOYO ATRIAS,C.S. AGRICULTURA - APOYO ATRIAS. L. INTEGRADA
88,2015,G,3,34,34027,CSA PROGRAMAS PRODER,C.S. AGRICULTURA - PROGRAMAS PRODER
89,2015,G,3,34,34028,CSA ASIST GEST EXPLO,C.S. AGRICULTURA - ASIST. GESTIÓN EXPLOTACIONES
90,2015,G,3,34,34029,CSA DESASTRES NAT,C.S. AGRICULTURA - AYUDAS DESASTRES NATURALES
91,2015,G,3,34,34030,CSA FOREST TIER AGRA,C.S. AGRICULTURA - FORESTACION DE TIERRAS AGRARIAS
92,2015,G,3,34,34031,CSA CESE ANTICIPADO,C.S. AGRICULTURA - CESE ANTICIPADO
93,2015,G,3,34,34032,CSA ICB,C.S. AGRICULTURA - INDEM. COMPENSATORIA BÁSICA
94,2015,G,3,34,34033,CSA PROGRAMA LEADER,C.S. AGRICULTURA - PROGRAMA LEADER
95,2015,G,3,34,34034,CSA RENOV. TRACTORES,C.S. AGRICULTURA - RENOVACION DE TRACTORES
96,2015,G,3,34,34035,CSA TRAZ.STOR.HORT.,C.S. AGRICULTURA - TRAZABILIDAD SECTOR HORTOFRUT.
97,2015,G,3,34,34036,CSA C.RAZAS GAN.PUR,"C.S. AGRICULTURA - CONCURSOS,SUBASTAS RAZAS PURAS"
98,2015,G,3,34,34037,CSA RECONV.PLANT.FRUT.,C.S. AGRICULTURA - RECONV. PLANTACIONES FRUTÍCOLAS
99,2015,G,3,34,34038,CSA ORD. FTO SCTOR EQUINO,C.S. AGRICULTURA - ORDEN. Y FMTO DEL SECTOR EQUINO
100,2015,G,3,34,34039,CSA PERS. Y ANALITICA EET,C.S. AGRICULTURA - PERS Y ANAL. ENCEF ESPONG TRANS
101,2015,G,3,34,34040,CSA SELEC GEN. ETT OVINO,C.S. AGRICULTURA - SELEC GENET RESIST ETT EN OVINO
102,2015,G,3,34,34041,CSA PROG CONT LENGUA AZUL,C.S. AGRICULTURA - PROGRAMA DE CONTROL LENGUA AZUL
103,2015,G,3,34,34042,CSA AY AVIC Y GRIPE AVIA,C.S. AGRICULTURA - AYUDAS AVICULTURA Y GRIPE AVIAR
104,2015,G,3,34,34043,CSA MODERN. EXPLOTACIONES,C.S. AGRICULTURA - MODERNIZACIÓN EXPLOTACIONES
105,2015,G,3,34,34044,CSA INCORP. JÓVENES,C.S. AGRICULTURA - INCORPORACIÓN JÓVENES
106,2015,G,3,34,34045,CSA ASESOR. ENTIDADES,C.S. AGRICULTURA - ASESORAMIENTO DE ENTIDADES
107,2015,G,3,34,34046,CSA CONCENTRACIÓN PARCELA,C.S. AGRICULTURA - CONCENTRACIÓN PARCELARIA
108,2015,G,3,34,34047,CSA MODERNIZACIÓN REGADIO,C.S. AGRICULTURA - MODERNIZACIÓN DE REGADIOS
109,2015,G,3,34,34048,CSA PROD. TOMATE,C.S. AGRICULTURA - PROD. TOMATE PARA INDUSTRIA
110,2015,G,3,34,34049,CSA FONDO PROG. FEP,C.S. AGRICULTURA - FONDO PROGRAMA FEP
111,2015,G,3,34,34050,CSA SUBV.INT. EXP.GANAD.,C.S. AGRICULTURA - SUBV INT.PRÉSTAMOS  EXPL.GANAD.
112,2015,G,3,34,34051,AGRUP. PROD.OVINO-CAPRINO,AGRUPACIONES DE PRODUCTORES OVINO Y CAPRINO
113,2015,G,3,34,34052,GEST. MED. EXP. PORCINAS,GESTIÓN MEDIOAMBIENTAL EXPLOTACIONES PORCINAS
114,2015,G,3,34,34053,GEST. SUBP. ORIGEN ANIMAL,GESTIÓN SUBPRODUCTOS ORIGEN ANIMAL
115,2015,G,3,34,34054,BIODIGESTIÓN DE PURINES,BIODIGESTIÓN DE PURINES
116,2015,G,3,34,34055,PROY P. RED RURAL NAL.,PROYECTOS PILOTO RED RURAL NACIONAL
117,2015,G,3,34,34056,PLAN FRUTAS ESCUELAS,PLAN DE FRUTAS EN LAS ESCUELAS
118,2015,G,3,34,34057,CSA 17/10/11 PLANES ZONA,C.S. AGRICULTURA 17/10/11 PLANES DE ZONA DES.R. S.
119,2015,G,3,34,34058,CSA SANEAMIENTO GANADERO (TUBERCOLOSIS BOVINA),CSA SANEAMIENTO GANADERO (TUBERCOLOSIS BOVINA)
120,2015,G,3,34,34059,CSA MODERNIZACIÓN EXPLOTACIONES 2014-2020,CSA MODERNIZACIÓN EXPLOTACIONES 2014-2020
121,2015,G,3,34,34060,CSA INCORPORACIÓN JÓVENES 2014-2020,CSA INCORPORACIÓN JÓVENES 2014-2020
122,2015,G,3,34,34061,PARTICIPACIÓN PROGRAMA CALIDAD PDR,PARTICIPACIÓN PROGRAMA CALIDAD PDR
123,2015,G,3,34,34062,INFORMACIÓN PROMOCIÓN PDR,INFORMACIÓN PROMOCIÓN PDR
124,2015,G,3,35,35001,CSSS EDUC.FAMILIAR,C.S. SERV. SOCIALES - EDUCACIÓN FAMILIAR
125,2015,G,3,35,35002,CSSS INFORM ACCI SOC,C.S. SERV. SOCIALES - INFORMACIÓN ACCIÓN SOCIAL
126,2015,G,3,35,35003,CSSS ORIENT MED FAM,C.S. SERV. SOCIALES - ORIENT. Y MEDIACIÓN FAMILIAR
127,2015,G,3,35,35004,CSSS MENORES INFRACT,C.S. SERV. SOCIALES - MENORES INFRACTORES
128,2015,G,3,35,35005,CSSS PENS ANC ENFER,C.S. SERV. SOCIALES - PENSION. ANCIANOS Y ENFERMOS
129,2015,G,3,35,35006,CSSS GERONTOLÓGICO,C.S. SERV. SOCIALES - PLAN GERONTOLÓGICO
130,2015,G,3,35,35007,CSSS INTG PER DISC,C.S. SERV. SOCIALES - PLAN INTEG. PERSONAS DISCAP.
131,2015,G,3,35,35008,CSSS PRE MAL TRA INF,C.S. SERV. SOCIALES - PREV. MALOS TRATOS INFANCIA
132,2015,G,3,35,35009,CSSS PR VIOLENCIA FA,C.S. SERV. SOCIALES - PREV. VIOLENCIA FAMILIAR
133,2015,G,3,35,35010,CSSS VOLUNT PLAN EST,C.S. SERV. SOCIALES - VOLUNTAR. PLAN ESTATAL
134,2015,G,3,35,35011,PLAN A FAVOR SIT. DEPEND.,PLAN DE ACCION A FAVOR PERS .SITUACION DEPENDENCIA
135,2015,G,3,35,35012,CSSS PLAN DES. GITANO,C.S. SERV. SOCIALES - PLAN DESARROLLO GITANO
136,2015,G,3,35,35013,CSSS PREST. BASICAS SS,C.S. SERV. SOCIALES - PRESTACIONES BÁSICAS SS
137,2015,G,3,35,35014,CSSS ERRAD. POBREZA,C.S. SERV. SOCIALES - ERRADICACIÓN DE LA POBREZA
138,2015,G,3,36,36001,CSMA DES MEDIO RURAL,C.S. MEDIO AMBIENTE - DLLO SOCIEC. EN MEDIO RURAL
139,2015,G,3,36,36002,CSMA EST INV MED NAT,"C.S. MEDIO AMBIENTE - PLANIF,ESTUDIOS MEDIO NATUR."
140,2015,G,3,36,36003,CSMA ORD PA FORESTAL,"C.S. MEDIO AMBIENTE - ORDENAC,MEJORA PAT. FORESTAL"
141,2015,G,3,36,36004,CSMA PR LUCHA IN FOR,C.S. MEDIO AMBIENTE - PREV. LUCHA INCENDIOS FOREST
142,2015,G,3,36,36005,CSMA APR RAC PAT NAT,C.S. MEDIO AMBIENTE - APROVECH. RACIONAL PAT.NAT.
143,2015,G,3,36,36006,CSMA C BIODIVERSIDAD,C.S. MEDIO AMBIENTE - CONSERVACIÓN BIODIVERSIDAD
144,2015,G,3,36,36007,CSMA PROY.LIFE,C.S. MEDIO AMBIENTE - PROYECTO LIFE
145,2015,G,3,36,36008,CSMA AREA INF. PARQ.NAC.,C.S. MEDIO AMBIENTE - AREAS INFL PARQUES NACIONALE
146,2015,G,3,36,36009,ACT. RESERVAS BIOSFERA,ACTUACIONES EN LA RESERVA DE LA BIOSFERA
147,2015,G,3,36,36010,APROV.BIOMASA FORESTAL,APROVECHAMIENTO DE LA BIOMASA FORESTAL
148,2015,G,3,36,36011,REC. ESPECIES P.EXTINCIÓN,RECUPERACIÓN DE ESPECIES EN PELIGRO DE EXTINCIÓN
149,2015,G,3,36,36012,CSMA - INFRAESTRCUTURAS DE GESTIÓN RESIDUOS CCLL,CSMA - INFRAESTRCUTURAS DE GESTIÓN RESIDUOS CCLL
150,2015,G,3,39,39001,PLANES DE VIVIENDA,PLANES DE VIVIENDA
151,2015,G,3,39,39002,SEGURIDAD MINERA,SEGURIDAD MINERA
152,2015,G,3,39,39003,PROY INVEST I.N.I.A.,PROYECTOS DE INVESTIGACIÓN (I.N.I.A.)
153,2015,G,3,39,39004,PLAN MOD COMER INT,PLAN MODERNIZACIÓN COMERCIO INTERIOR
154,2015,G,3,39,39005,JUB REESTRUCT EMPR,AYUDAS A JUBILACIÓN Y REESTRUCTURACIÓN DE EMPRESAS
155,2015,G,3,39,39006,INTEGR SOC INMIGRANT,PLAN INTEGRACIÓN SOCIAL INMIGRANTES
156,2015,G,3,39,39007,EMPLEO COOPERATIVAS,APOYO CREACIÓN EMPLEO COOPERATIVAS
157,2015,G,3,39,39008,PLA TRAB CN FORM OCU,PLANES DE TRABAJO CTROS NAC. FORMACIÓN OCUPACIONAL
158,2015,G,3,39,39009,SEGUNDA ESTACION AVE,SEGUNDA ESTACION AVE
159,2015,G,3,39,39010,OF PLANES VIVIENDA,OFICINAS PLANES DE VIVIENDA
160,2015,G,3,39,39011,LESIONES ESTRUC EDIF,LESIONES ESTRUCTURALES EDIFICIOS
161,2015,G,3,39,39012,CONV REHAB VIVIENDAS,CONV. REHABILITACION FUNCIONAL EDIFICIOS VIVIENDAS
162,2015,G,3,39,39013,CONS COMP PYME,PLAN CONSOLIDACIÓN Y COMPETITIVIDAD P.Y.M.E.
163,2015,G,3,39,39014,MANT CENTROS SANITAR,MANTENIMIENTO DE CENTROS SANITARIOS
164,2015,G,3,39,39015,DONACIÓN Y TRASP ÓRG,FOMENTO DE LA DONACIÓN Y TRASPLANTE DE ÓRGANOS
165,2015,G,3,39,39016,JUNTA ARBITRAL CONS,JUNTA ARBITRAL DE CONSUMO
166,2015,G,3,39,39017,PROGRAMA PREV SIDA,PROGRAMA PREVENCIÓN SIDA
167,2015,G,3,39,39018,PREV ASIST REINS TOX,"PREVENCIÓN, ASISTENCIA Y REINSERCIÓN TOXICÓMANOS"
168,2015,G,3,39,39019,PREV ENF EMERGENTES,PREVENCIÓN ENFERMEDADES EMERGENTES
169,2015,G,3,39,39020,INVEST IN CARLOS III,PROYECTOS DE INVESTIGACIÓN INSTITUTO CARLOS III
170,2015,G,3,39,39021,JUB PERS DOC 9 LOGSE,JUBILACIONES PERSONAL DOCENTE ( D.T. 9ª LOGSE)
171,2015,G,3,39,39022,NUEVAS TEC EDUCACION,NUEVAS TECNOLOGIAS EDUCACION
172,2015,G,3,39,39023,GUARDERÍAS INF,GUARDERÍAS INFANTILES
173,2015,G,3,39,39024,ESCUELAS VIAJERAS,ESCUELAS VIAJERAS
174,2015,G,3,39,39025,PUEBLOS ABANDONADOS,P.R.U.E.P.A.-BUBAL-PUEBLOS ABANDONADOS
175,2015,G,3,39,39026,CATAL COL PATR BIBL,CATALOGO COLECTIVO PATRIMONIO BIBLIOGRAFICO
176,2015,G,3,39,39027,POL.COHES.SALUD,POLÍTICAS DE COHESIÓN Y ESTRATEGIAS DE SALUD
177,2015,G,3,39,39028,CONV.REST.IGLESIAS,CONVENIO PARA RESTAURACIÓN DE IGLESIAS
178,2015,G,3,39,39029,TERUEL DIGITAL,PROYECTO TERUEL DIGITAL
179,2015,G,3,39,39030,Mº IND. PROY.PROFIT,MINISTERIO INDUSTRIA - PROGRAMA FTO INV. TECNOLÓG.
180,2015,G,3,39,39031,C.Mº SAN. GUIA SALUD,CONVENIO MINISTERIO SANIDAD - GUÍA DE SALUD
181,2015,G,3,39,39032,CONV.MºM.A.SUELOS.C,CONV. Mº MEDIO AMBIENTE - SUELOS CONTAMINADOS
182,2015,G,3,39,39033,RUTAS LITERARIAS,RUTAS LITERARIAS
183,2015,G,3,39,39034,INFRAESTR.  I.N.I.A.,INFRAESTRUCTURAS I.N.I.A.
184,2015,G,3,39,39035,INC.DOCTORES INIA,INCORPORACIÓN DE DOCTORES. I.N.I.A.
185,2015,G,3,39,39036,IGNAC. ELAB.ORTOFOTO,INST. GEOGRÁFICO NACIONAL - ELABORACIÓN ORTOFOTO
186,2015,G,3,39,39037,MEC PLAN NAC. INVEST.,MEC PLAN NACIONAL DE INVESTIGACIÓN
187,2015,G,3,39,39038,CONF SECT DE LA MUJER,CONFERENCIA SECTORIAL DE LA MUJER
188,2015,G,3,39,39039,CONV. I. MUJER PROG.ES,CONV. INSTITUTO DE LA MUJER PROGRAMAS ESPEC.
189,2015,G,3,39,39040,PLAN FORM. CONT. INAP,PLAN FORMACION  CONTINUA  INAP
190,2015,G,3,39,39041,CONV.MºCULT.INVENT.BIENES,CONV.MºCULTURA INVENTARIO B.MUEBLES PHE INST.ECLES
191,2015,G,3,39,39042,CSD CTROS TECNIF. DEP.,C.S.DEPORTES. CENTROS DE TECNIFICACIÓN DEPORTIVA
192,2015,G,3,39,39043,CSD CONSTUCC.PABELLÓN,C.S.DEPORTES. REALIZACIÓN DE PABELLONES DEPORTIVOS
193,2015,G,3,39,39044,PLAN NACIONAL INVESTIG.,PLAN NACIONAL DE INVESTIGACIÓN
194,2015,G,3,39,39045,C.S.EDUC. INTERNET AULA,C.S. DE EDUCACIÓN. PROGRAMA INTERNET EN EL AULA
195,2015,G,3,39,39046,"ACOG.,INTEGR EDUCAC INMIG","ACOGIDA,INTEGR. Y REFUERZO EDUCATIVO DE INMIGRANT."
196,2015,G,3,39,39047,PROG.APOYO CTROS EDUCATIV,"PROG. ACOMPAÑAM., APOYO Y REFUERZO CTROS EDUCATIV."
197,2015,G,3,39,39048,C.Mº.IND. PLAN AVANZA,C.Mº. INDUSTRIA PLAN AVANZA
198,2015,G,3,39,39049,PROG. USO RAC. MEDICAMENT,PROGRAMA USO RACIONAL DEL MEDICAMENTO
199,2015,G,3,39,39050,AHORRO Y DIVERS. ENERGET.,AHORRO Y DIVERSIFICACIÓN ENERGÉTICA
200,2015,G,3,39,39051,CONV.MºEDUC.DIFUS.F.P.,CONV. Mº EDUC. Y CIENCIA. DIFUSIÓN FORM. PROFES.
201,2015,G,3,39,39052,CONV. CNIG S.INF.OC.SUELO,CONV. CNIG SIST.INFORM. SOBRE OCUPACIÓN SUELO
202,2015,G,3,39,39053,PROYECTOS INVESTIGACIÓN,FINANCIACIÓN DE LA AGE PROYECTOS  INVESTIGACIÓN
203,2015,G,3,39,39054,AY.P. VÍCT.VIOL.GÉN. EMPL,AY PÚBL. VÍCTIMAS VIOLENCIA GÉNERO DIFIC. EMPLEO
204,2015,G,3,39,39055,C.S. EDUC. BIBLIOT. ESCOL,C.S. EDUCACIÓN - BIBLIOTECAS ESCOLARES
205,2015,G,3,39,39056,IGUALDAD OPORT.JÓVENES,IGUALDAD OPORTUNIDADES LOS/LAS JÓVENES
206,2015,G,3,39,39057,CSE FINANC. 2º CICLO INF.,CSE FINANCIACIÓN 2º CICLO EDUCACIÓN INFANTIL
207,2015,G,3,39,39058,C.Mº CULT ADQ.FDO BIBLIOG,CONV. Mº CULTURA ADQ.FDO BIBLIOG. BIBL.MUNICIP.
208,2015,G,3,39,39059,C.S.EDUC. LIBROS Y MATER.,C.S. EDUCACIÓN. PROGRAMA LIBROS Y MATERIAL ESCOLAR
209,2015,G,3,39,39060,Mº EDUC.ESP.EUR.EDUC.SUP,Mº EDUC. ADAPTAC. INST.UNIVERS. ESP. EUROPEO SUPER
210,2015,G,3,39,39061,CONV ACCS. AUTOBUSES INT,CONVENIO ACCS. AUTOBUSES INTERURBANO
211,2015,G,3,39,39062,C.S. EDU. PRG. LENGUAS EX,C.S. EDUC. PROGRAMA LENGUAS EXTRANJERAS (PALE)
212,2015,G,3,39,39063,AYUDA NAL. NOVILLAS,AYUDA NACIONAL POR NOVILLAS
213,2015,G,3,39,39064,Transf. MEC Conf. APAS,Transf. MEC Conf. APAS y otros colectivos
214,2015,G,3,39,39065,PROGRAMAS PRIORITARIOS SANIDAD Y CONSUMO,PROGRAMAS PRIORITARIOS SANIDAD Y CONSUMO
215,2015,G,3,39,39066,RECUPERACIÓN ACEITES USADOS,RECUPERACIÓN ACEITES USADOS
216,2015,G,3,39,39067,PRÁCT. SEGURAS CENTROS SANITARIOS,PRÁCTICAS SEGURAS CENTROS SANITARIOS
217,2015,G,3,39,39068,RUTAS CIENTÍFICAS - MEC,RUTAS CIENTÍFICAS - MEC
218,2015,G,3,39,39069,CONV. MTAS TRABAJ. EXPO,CONV. M. TRABAJO Y A. S. ACOGIDA TRABAJADORES EXPO
219,2015,G,3,39,39070,CONV. Mº FOM.OBRAS CARRET,CONVENIO Mº  FOMENTO OBRAS CARRETERAS
220,2015,G,3,39,39071,CONV.MºDEFENSA P.INC.LAB.,CONVENIO Mº DEFENSA PROG.INCORPORACIÓN LABORAL
221,2015,G,3,39,39072,CONV. MEC DES. TECNOLOGIC,CONV. MºEC-CA IMPULSO ACTIVIDADES DES. TECNOLÓGICO
222,2015,G,3,39,39073,AY. PRESERV. PATRI. DIGIT,AYUDAS PRESERVACIÓN PATRIMONIO DIGITAL
223,2015,G,3,39,39074,BIBLIOTECA VIRTUAL ARAGÓN,BIBLIOTECA VIRTUAL ARAGÓN
224,2015,G,3,39,39075,CONV.SALUD BUCODENTAL INF,CONVENIO SALUD BUCODENTAL INFANTIL
225,2015,G,3,39,39076,PROYECTO REALTH - SAS,PROYECTO REALTH - SAS
226,2015,G,3,39,39077,MARM - PLAN INTEGRAL AGUA,MARM - PLAN INTEGRAL DEL AGUA
227,2015,G,3,39,39078,CNIG P.N.ORTOFOTO.AEREA,CONV.CNIG PLAN NACIONAL DE ORTOFOTOGRAFÍA AÉREA
228,2015,G,3,39,39079,SUBV.SP.EMPLEO EST. TXTIL,SUBV. S.P.EMPLEO ESTATAL -ADAP. SCTOR TEXTIL
229,2015,G,3,39,39080,CONV. I. MUJER PROG.CLARA,CONV. INSTITUTO DE LA MUJER PROGRAMA CLARA
230,2015,G,3,39,39081,CONV.EDUC.INFANTIL,CONVENIOS EDUCACIÓN INFANTIL (Mº EPSyD)
231,2015,G,3,39,39082,CONV. EST. C. PALIATIVOS,CONV. ESTRATEGIA CUIDADOS PALIATIVOS
232,2015,G,3,39,39083,CONV. EST. PARTO NORMAL,CONV. ESTRATEGIA ATENCIÓN PARTO NORMAL
233,2015,G,3,39,39084,CONV. ACT. VIOLENCIA GEN.,CONV. ACTIVIDADES SOBRE VIOLENCIA DE GÉNERO
234,2015,G,3,39,39085,CONV. COM. DES. SOST.,CONVENIO COMARCAS DESARROLLO SOSTENIBLE
235,2015,G,3,39,39086,REDUCCIÓN EMISIONES,REDUCCIÓN EMISIONES GESTIÓN DE RESIDUOS
236,2015,G,3,39,39087,PRACT. SEGURAS C.SANITARI,IMPULSO PRACTICAS SEGURAS EN CENTROS SANITARIOS
237,2015,G,3,39,39088,ESTRAT. SALUD MENTAL,ESTRATEGIA DE SALUD MENTAL
238,2015,G,3,39,39089,PLAN-E DEPENDENCIA,FONDO ESPECIAL PLAN-E DEPENDENCIA
239,2015,G,3,39,39090,Conv. Mº Indust. TDT,CONVENIO CON Mº INDUSTRIA TRANSICION TDT
240,2015,G,3,39,39091,Cnv.MICINN Fom.Parq.CyTéc,Cnv.MICINN Fomento Parq.Científicos y Tecnológicos
241,2015,G,3,39,39092,CONF. SEC. DE IGUALDAD,CONFERENCIA SECTORIAL DE IGUALDAD
242,2015,G,3,39,39093,Proy. Escuela 2.0.,Proyecto Escuela 2.0.
243,2015,G,3,39,39094,Convenio MICINN LMA,Convenio MICINN LMA
244,2015,G,3,39,39095,CONVENIO MINISTERIO DE LA IGUALDAD,CONVENIO MINISTERIO DE LA IGUALDAD
245,2015,G,3,39,39096,Cº MºED.ACTUAL.TITULO FP,Convenio MºEducación.Actualiz. catálogo títulos FP
246,2015,G,3,39,39097,P.REEDUCACIÓN MALTRATADOR,PROGRAMA DE REEDUCACIÓN DE MALTRATADORES
247,2015,G,3,39,39098,INTERN. CULT. ESPAÑOLA,INTERNACIONALIZACIÓN DE LA CULTURA ESPAÑOLA (MAE)
248,2015,G,3,39,39099,Programa ARCE.MºEducación,Programa Arce. Ministerio de Educación
249,2015,G,3,39,39100,CONV. GEST.IT Y CORTA DUR,CONV.ESTRATEG.GESTIÓN IT Y COMP. PROC. CORTA DUR
250,2015,G,3,39,39101,Conv.AEMPS Jorn.Insp.Farm,Conv. AEMPS Jornadas Inspecc. Farmacéutica
251,2015,G,3,39,39102,Mº TRAB. CENTRO NAL. REF.,"Mº TRABAJO SUBV. CENTRO NAL, REF. FORMACIÓN PROF."
252,2015,G,3,39,39103,MCI-Estrategia Estatal In,MCI-Estrategia Estatal Innovación
253,2015,G,3,39,39104,EURIBERIS,EURIBERIS
254,2015,G,3,39,39105,CONV. CITA CHE RIEGOS,CONV. CITA CHE EVALUACIÓN SIST. RIEGOS CUENCA EBRO
255,2015,G,3,39,39106,OLIMPIADAS FP,OLIMPIADAS FORMACIÓN PROFESIONAL
256,2015,G,3,39,39107,FORMACIÓN PERM. PROF.,FORMACIÓN PERMANENTE PROFESORADO
257,2015,G,3,39,39108,PEAC ACRED. COMPT. PROF.,PEAC PROC. ACREDITACIÓN COMPETENCIAS PROFESIONALES
258,2015,G,3,39,39109,Just.gratuita e inf.tribu,Justicia gratuita e informatización de tribunales
259,2015,G,3,39,39110,MICIIN-PNICDIT,MICIIN-Plan N.Investigación Cientif. Desarr.e Inno
260,2015,G,3,39,39111,SPE SUBV ERE SINTEL,SPE SUBVENCIÓN AFECTADOS ERE SINTEL
261,2015,G,3,39,39112,DISMINUCIÓN ABANDONO ESC.,PROGRAMA DE DISMINUCIÓN DEL ABANDONO ESCOLAR
262,2015,G,3,39,39113,Ministerio Inv. Agroalime,Ministerio Investigación Agroalimentaria
263,2015,G,3,39,39114,OTRAS EEPP-INV AGROALIM,OTRAS EEPP-INVESTIGACIÓN AGROALIMENTARIA
264,2015,G,3,39,39115,HOSPITAL DEL MUNDO,HOSPITAL DEL MUNDO
265,2015,G,3,39,39116,FONDO ESTATAL DE EMPLEO Y SOSTENIBILIDAD SOCIAL,FONDO ESTATAL DE EMPLEO Y SOSTENIBILIDAD SOCIAL
266,2015,G,3,39,39117,PLAN DE VIVIENDA 2013-2016,PLAN DE VIVIENDA 2013-2016
267,2015,G,3,39,39118,PLAN DE INVERSIONES SISTEMA INFORMACIÓN SANITARIA,PLAN DE INVERSIONES SISTEMA INFORMACIÓN SANITARIA
268,2015,G,3,39,39119,NUEVOS CICLOS DE F.P. BÁSICA,NUEVOS CICLOS DE F.P. BÁSICA
269,2015,G,3,39,39120,M JUSTICIA PROGRAMA DE REFORMA ADM JUSTICIA,M JUSTICIA PROGRAMA DE REFORMA ADM JUSTICIA
270,2015,G,3,39,39121,NUEVOS ITINERARIOS 3º Y 4º ESO,NUEVOS ITINERARIOS 3º Y 4º ESO
271,2015,G,3,39,39122,DIFUSIÓN Y MEJORA DE LA CALIDAD DE LA FP,DIFUSIÓN Y MEJORA DE LA CALIDAD DE LA FP
272,2015,G,5,51,51001,MANT. COLEGIOS PÚBLICOS,MANTENIMIENTO COLEGIOS PÚBLICOS
273,2015,G,5,51,51002,DPT - INVESTIGACIÓN AGROALIMENTARIA,DPT - INVESTIGACIÓN AGROALIMENTARIA
274,2015,G,5,51,51004,DPZ GESTIÓN FORESTAL,DPZ - ACTIVIDADES GESTIÓN FORESTAL
275,2015,G,5,51,51005,DPT GESTIÓN FORESTAL,DPT - ACTIVIDADES GESTIÓN FORESTAL
276,2015,G,5,51,51006,AMPL.RED TTES INSTITUC.,AMPLIACIÓN RED DE TRANSPORTE INSTITUCIONAL
277,2015,G,5,51,51007,DPH centro truficultura,DPH CENTRO DE INVEST. Y EXPER. TRUFICULTURA
278,2015,G,5,51,51008,DPZ investigación agroali,transferencia DPZ  investigación agroalimentaria
279,2015,G,5,51,51009,DPZ Parq. Nat. y Z.Proteg,DPZ Parques Naturales y Zonas Protegidas
280,2015,G,5,51,51010,DPZ CONVENIO CRIEZ VENTA OLIVAR,DPZ CONVENIO CRIEZ VENTA OLIVAR
281,2015,G,5,52,52001,CONV. PROY. SIGEM,CONVENIO PROYECTO SIGEM
282,2015,G,5,52,52002,CONVENIO CARTOGRAFÍA COMARCAL,CONVENIO CARTOGRAFÍA COMARCAL
283,2015,G,5,52,52003,CONVENIOS INVESTIGACIÓN COMARCALES,CONVENIOS INVESTIGACIÓN COMARCALES
284,2015,G,5,53,53001,AYT. ZAR. COM. ESC.,AYUNTAMIENTO ZARAGOZA COMEDORES ESCOLARES
285,2015,G,5,55,55001,SUBV INAEM ESC TALL,SUBVENCIÓN INAEM PARA ESCUELAS TALLER
286,2015,G,5,55,55002,CONV. CON EL SALUD,CONVENIO INVESTIGACIÓN CON SALUD
287,2015,G,5,55,55003,SUBV INAEM OR.Y AUTOEMPL.,SUBV INAEM ORIENTACIÓN PROF. EMPLEO Y AUTOEMPLEO
288,2015,G,5,55,55004,T.IACS ENSAYOS CLÍNICOS,TRANSF.IACS PRODUC.VAR. ENSAYOS CLÍNICOS
289,2015,G,5,55,55005,FORM. CONTINUA M.I.R,FORMACIÓN CONTINUA DE M.I.R.
290,2015,G,5,55,55006,GRUPOS DE INVESTIGACIÓN SALUD,GRUPOS DE INVESTIGACIÓN SALUD
291,2015,G,5,55,55007,PROY.INV.CONV.COMP.DGA,PROY.INVEST.POR CONVOCATORIAS COMPETITIVAS DGA
292,2015,G,5,55,55008,SUBV INAEM CONTRATAC.,SUBV INAEM CONTRATACIÓN DESEMPLEADOS OBRAS INT GRA
293,2015,G,5,55,55009,Dpto Inv. Agroalimentaria,Departamento Investigación Agroalimentaria
294,2015,G,5,55,55010,SUBVENCIÓN INSTITUTO ARAGONÉS DE FOMENTO,SUBVENCIÓN INSTITUTO ARAGONÉS DE FOMENTO
295,2015,G,5,59,59001,ONU-OMS,ORGANIZACIÓN MUNDIAL DE LA SALUD
296,2015,G,7,71,71001,C.CAIXA HOGARES MAY.,CONVENIO CAIXA - HOGARES DE MAYORES
297,2015,G,7,71,71002,CONV.ADQ.FDO BIBLIO.,CONVENIO ADQUISICIÓN DE FONDO BIBLIOGRÁFICO
298,2015,G,7,71,71003,Conv. Ibercaja Atlas var.,C. Ibercaja: Atlas var. práct. médica S.Nac.Salud
299,2015,G,7,71,71004,Patrocinio Juegos Escolar,Patrocinio Juegos Escolares de Aragón
300,2015,G,7,71,71005,CONV. MONAST. DE SIJENA,CONVENIO CAJA MADRID REST. MONAST. SIJENA
301,2015,G,7,71,71006,CARNÉ JOVEN,CARNÉ JOVEN APORTACIÓN CAI IBERCAJA
302,2015,G,7,71,71007,CONV. IBERCAJA DEPENDEN.,CONV. IBERCAJA PARA ACTUAC. PERSONAS DEPENDIENTES
303,2015,G,7,71,71008,LA CAIXA MEDIOAMB Y SOSTE,LA CAIXA MEDIO AMBIENTE Y SOSTENIBILIDAD
304,2015,G,7,71,71009,CONV. IBERCAJA CENTROS IN,CONVENIO IBERCAJA CENTROS INTERPRETACION
305,2015,G,7,71,71010,CONV.IBERCAJA GALA DEPORT,CONV. IBERCAJA CELEBRACIÓN GALA DEPORTE ARAGONÉS
306,2015,G,7,71,71011,CONV. CAI PROGR. EDUC.,CONVENIO CAI PROGRAMAS EDUCATIVOS
307,2015,G,7,72,72001,PROM.FARM.ENSAY,PROMOTORES FARMACÉUTICOS - ENSAYOS CLÍNICOS
308,2015,G,7,72,72002,PROGRAMAS FOCUSS,PROGRAMAS FOCUSS
309,2015,G,7,72,72003,ESTUD.GAUCHER,FUND.ESP. ESTUDIO ENFERMEDAD GAUCHER
310,2015,G,7,72,72004,AS.ESP.TOXICOLOGÍA,ASOCIACIÓN ESPAÑOLA DE TOXICOLOGÍA
311,2015,G,7,72,72005,FUND.LA MARATO TV3,FUNDACIÓN LA MARATO TV3
312,2015,G,7,72,72006,FUND.MUTUA MADRIL.,FUNDACIÓN MUTUA MADRILEÑA
313,2015,G,7,72,72007,PROM.PRIV.CURSOS,PROMOTORES PRIVADOS DE CURSOS
314,2015,G,7,72,72008,HERENCIA ELÍAS MARTÍNEZ S,HERENCIA ELÍAS MARTÍNEZ SANTIAGO
315,2015,G,7,72,72009,PROMOTORES PRIVADOS,PROMOTORES PRIV PROY  PROD Y TRANSFERENCIA CONOCIM
316,2015,G,7,72,72010,HERENC.HOSP.NªSªGRACIA,HERENCIAS HOSPITAL PROVINCIAL Nª SRª DE GRACIA
317,2015,G,7,72,72011,FECYT AÑO DE LA CIENCIA,FECYT AÑO DE LA CIENCIA
318,2015,G,7,72,72012,Inv. Agroalimentaria pr,Fondos para Inv.Agroalimentaria de Entid. Privadas
319,2015,G,7,72,72013,Fondo de mejoras en montes propios,Fondos de mejoras en montes propios
320,2015,G,7,72,72014,LEGADO PARA CENTRO ASISTENCIAL DE CALATAYUD,LEGADO PARA CENTRO ASISTENCIAL DE CALATAYUD
321,2015,G,9,91,91001,RECURSOS PROPIOS COFIN,RECURSOS PROPIOS COFINANCIADORES
322,2015,G,9,91,91002,RECURSOS PROPIOS,RECURSOS PROPIOS
323,2015,G,9,91,91004,RMTE.TES.NO AFEC.,REMANENTE DE TESORERÍA NO AFECTADO
324,2015,G,9,91,91005,DEUDA SANITARIA,DEUDA SANITARIA
325,2015,G,9,91,91101,REC PROPIOS COF P.IMPULS,RECURSOS PROPIOS COFINANCIADORES PLAN IMPULSO
326,2015,G,9,91,91102,REC PROPIOS P.IMPULSO,RECURSOS PROPIOS PLAN IMPULSO
327,2015,I,1,,,UNIÓN EUROPEA,UNIÓN EUROPEA
328,2015,I,3,,,ADMINISTR. CENTRAL,ADMINISTRACIÓN CENTRAL
329,2015,I,5,,,OTRAS ADMIN PÚBLICAS,OTRAS ADMINISTRACIONES PÚBLICAS
330,2015,I,7,,,ENTES PRIVADOS,ENTES PRIVADOS
331,2015,I,9,,,RECURSOS PROPIOS,RECURSOS PROPIOS
332,2015,I,1,11,,FONDO SOCIAL EUROPEO,FONDO SOCIAL EUROPEO
333,2015,I,1,12,,FEAGA  - FEADER,FEAGA  - FEADER
334,2015,I,1,13,,FEOGA ORIENTACIÓN,FEOGA ORIENTACIÓN
335,2015,I,1,14,,F.E.D.E.R.,F.E.D.E.R.
336,2015,I,1,15,,IFOP - FEP,INSTR.FINANC. ORD. PESQUERA - FDO EUROPEO PESCA
337,2015,I,1,16,,FONDOS DE COHESIÓN,FONDOS DE COHESIÓN
338,2015,I,1,19,,OTRA FINANCIACIÓN EUROPEA,OTRA FINANCIACIÓN EUROPEA
339,2015,I,3,31,,Mº JUSTICIA,Mº JUSTICIA
340,2015,I,3,32,,PLANES ESPECÍFICOS,PLANES ESPECÍFICOS
341,2015,I,3,33,,CONF SECT DE EMPLEO,C.S. DE EMPLEO
342,2015,I,3,34,,CONF SECT DE AGRIC.,C.S. DE AGRICULTURA
343,2015,I,3,35,,CONF SECT DE S.SOC.,C.S. DE SERV. SOCIALES
344,2015,I,3,36,,CONF SECT DE M.AMB.,C.S. DE MEDIO AMBIENTE
345,2015,I,3,39,,OTR SUBV. ADM.CENTR.,OTRAS SUBVENCIONES DE LA ADMINISTRACIÓN CENTRAL
346,2015,I,5,51,,DIPUTACIONES PROVINCIALES,DIPUTACIONES PROVINCIALES
347,2015,I,5,52,,ADMNES. COMARCALES,ADMINISTRACIONES COMARCALES
348,2015,I,5,53,,AYUNTAMIENTOS,AYUNTAMIENTOS
349,2015,I,5,55,,C.A. ARAGÓN,COMUNIDAD AUTÓNOMA DE ARAGÓN
350,2015,I,5,59,,ONU,ORGANIZACIÓN NACIONES UNIDAS
351,2015,I,7,71,,ENTES PRIV.FINAN.,ENTES PRIVADOS FINANCIEROS
352,2015,I,7,72,,ENTES PRIV.NO FINAN.,ENTES PRIVADOS NO FINANCIEROS
353,2015,I,9,91,,RECURSOS PROPIOS,RECURSOS PROPIOS
354,2015,I,1,11,11099,FSE P. OPERAT. ANTER 2007,FSE PROG. OPERATIVOS ANTERIORES 2007
355,2015,I,1,11,11101,PROG.OP. FSE 2007-2013,PROGRAMA OPERATIVO FONDO SOCIAL EUROPEO 2007-2013
356,2015,I,1,11,11201,PROG.OP. FSE 2014-2020,PROGRAMA OPERATIVO FONDO SOCIAL EUROPEO 2014-2020
357,2015,I,1,12,12101,FEAGA GARANTÍA,FEAGA  GARANTÍA
358,2015,I,1,12,12102,FEADER 2007-2013,FEADER 2007-2013
359,2015,I,1,12,12202,FEADER 2014-2020,FEADER 2014-2020
360,2015,I,1,14,14099,FEDER P.OPERA. ANTER 2007,FEDER PROG. OPERATIVOS ANTERIORES 2007
361,2015,I,1,14,14101,PROG.OP. FEDER 2007-2013,PROGRAMA OPERATIVO FEDER 2007-2013
362,2015,I,1,14,14102,PROG. COOP. TRANSFRONTERI,PROGRAMA DE COOPERACIÓN TRANSFRONTERIZA
363,2015,I,1,14,14103,FEDER 2007-2013 PROY HITO,Programa Operativo FEDER 2007-2013 proyecto HITO
364,2015,I,1,14,14104,PROG. COOP. INTERREGIONAL,PROGRAMA DE COOPERACIÓN INTERRREGIONAL
365,2015,I,1,14,14105,PROG.COMUNIT. 2007-2013 POCTEFA EFA200/11. CULTURA,PROG.COMUNIT. 2007-2013 POCTEFA EFA200/11. CULTURA
366,2015,I,1,14,14201,PROG.OP. FEDER 2014-2020,PROGRAMA OPERATIVO FEDER 2014-2020
367,2015,I,1,15,15101,FONDO EUROPEO DE PESCA,FONDO EUROPEO DE PESCA
368,2015,I,1,16,16001,FONDO DE COHESIÓN,FONDO DE COHESIÓN
369,2015,I,1,19,19001,U E  PUNTO INF EUROP,UNION EUROPEA  (PUNTO INFORMACIÓN EUROPEA)
370,2015,I,1,19,19002,CONV UE PRUEBAS COMP,CONVENIO UE PRUEBAS COMPARATIVAS
371,2015,I,1,19,19003,PROGRAMA LIFE,PROGRAMA LIFE
372,2015,I,1,19,19004,F. E. ADAPTACIÓN GLOBALIZ,FONDO EUROPEO DE ADAPTACIÓN A LA GLOBALIZACIÓN
373,2015,I,1,19,19005,CONVENIO BEI,CONVENIO BEI
374,2015,I,1,19,19006,PROYECTO EUROPEO GRIAL,PROYECTO EUROPEO GRIAL
375,2015,I,1,19,19090,OTROS PROGRAMAS UE,OTROS PROGRAMAS CON FINANCIACION UE
376,2015,I,3,31,31000,ADICIONAL INV. JUSTICIA,ADICIONAL INVERSIONES DE ADMON. DE JUSTICIA
377,2015,I,3,32,32100,PLAN MINER,PLAN MINER
378,2015,I,3,32,32200,FONDO ESP TERUEL,FONDO ESPECIAL TERUEL
379,2015,I,3,32,32300,Des. Sost. Medio Rural,Desarrollo Sostenible en el Medio Rural
380,2015,I,3,33,33002,C.S.EMPLEO- MOD. SPE,C.S.EMPLEO - MODERNIZACIÓN SERVICIO PÚBLICO EMPLEO
381,2015,I,3,33,33003,C.S.EMPLEO- MINISTERIO EMPLEO Y SEGURIDAD SOCIAL,C.S.EMPLEO- MINISTERIO EMPLEO Y SEGURIDAD SOCIAL
382,2015,I,3,33,33004,C.S.EMPLEO- F.P.  EMPLEO,C.S.EMPLEO - FORMACIÓN PROFESIONAL PARA EMPLEO
383,2015,I,3,33,33005,C.S.EMPLEO- FOMENTO EMPLEO,C.S.EMPLEO - FOMENTO EMPLEO
384,2015,I,3,33,33006,C.S.EMPLEO- PLAN EXTR. B1,C.S.EMPLEO - PLAN EXTRAORDINARIO BLOQUE 1
385,2015,I,3,33,33007,C.S.EMPLEO- PLAN EXTR. B2,C.S.EMPLEO - PLAN EXTRAORDINARIO BLOQUE 2
386,2015,I,3,33,33008,C.S. EMPLEO-REDTRABAJA@,C.S. EMPLEO-REDTRABAJA@
387,2015,I,3,33,33009,C.S.EMPLEO- ACUERDO MARCO AGENCIAS COLOCACIÓN,C.S.EMPLEO- ACUERDO MARCO AGENCIAS COLOCACIÓN
388,2015,I,3,34,34001,CSA NAC COMPLEM PAC,C.S. AGRICULTURA - AYUDAS NACIONALES COMPLEM. PAC
389,2015,I,3,34,34002,CSA ABAND PR LECHERA,C.S. AGRICULTURA - PROG. ABANDONO PROD. LECHERA
390,2015,I,3,34,34003,CSA COMPET AGRARIA,C.S. AGRICULTURA - MEJORA COMPETITIVIDAD AGRARIA
391,2015,I,3,34,34004,CSA AGROAMBIENTALES,C.S. AGRICULTURA - MEDIDAS AGROAMBIENTALES
392,2015,I,3,34,34005,CSA AYU PER FRUT SEC,C.S. AGRICULTURA - AYUDA PERMANENTE FRUTOS SECOS
393,2015,I,3,34,34006,CSA PROGRAMA APICOLA,C.S. AGRICULTURA - PROGRAMA APICOLA
394,2015,I,3,34,34007,CSA INDUSTRIAS AGRO,C.S. AGRICULTURA - APOYO INDUSTRIAS AGROALIMENT.
395,2015,I,3,34,34008,CSA FIN ASOC AGRARIO,C.S. AGRICULTURA - FINANCIACION ASOCIAC. AGRARIO
396,2015,I,3,34,34009,CSA AGRUP PROD AGRAR,C.S. AGRICULTURA - AGRUP. PRODUCTORES AGRARIOS
397,2015,I,3,34,34010,CSA IFOP,C.S. AGRICULTURA - FONDO PROGRAMA IFOP
398,2015,I,3,34,34011,CSA ASOC RAZAS AUTOC,C.S. AGRICULTURA - APOYO ASOC. RAZAS AUTÓCTONAS
399,2015,I,3,34,34012,CSA SANIDAD ANIMAL,C.S. AGRICULTURA - PROGRAMA SANIDAD ANIMAL
400,2015,I,3,34,34013,CSA ENF PORCINAS,C.S. AGRICULTURA - PROGRAMA ENFERMEDADES PORCINAS
401,2015,I,3,34,34014,CSA IDENTIF ANIMAL,C.S. AGRICULTURA - IDENTIFICACION ANIMAL
402,2015,I,3,34,34015,CSA SEM PLANT VIVER,C.S. AGRICULTURA - SEMILLAS Y PLANTAS DE VIVEROS
403,2015,I,3,34,34016,CSA CONV ID FRUTALES,C.S. AGRICULTURA - CONV. IDENTIFICACIÓN FRUTALES
404,2015,I,3,34,34017,CSA LUCH CONT AG NOC,C.S. AGRICULTURA - LUCHA CONTRA AGENTES NOCIVOS
405,2015,I,3,34,34018,CSA PREV PLAGAS,C.S. AGRICULTURA - PREVENCION DE PLAGAS
406,2015,I,3,34,34019,CSA PR CALIDAD CARNE,C.S. AGRICULTURA - PROGRAMA CALIDAD DE LA CARNE
407,2015,I,3,34,34020,CSA FOM GAN EXT  AUT,C.S. AGRICULTURA - FTO GANADERIA EXT. AUTÓCTONA
408,2015,I,3,34,34021,CSA ERRAD ENF ANIM,C.S. AGRICULTURA - INDEM. ERRAD. ENFERM. ANIMALES
409,2015,I,3,34,34022,CSA PROGR SANITARIOS,C.S. AGRICULTURA - PROGRAMAS SANITARIOS
410,2015,I,3,34,34023,CSA CONTROL LECHERO,C.S. AGRICULTURA - CONTROL OFICIAL LECHERO
411,2015,I,3,34,34024,CSA M CALIDAD LECHE,C.S. AGRICULTURA - PROG MEJORA CALIDAD DE LA LECHE
412,2015,I,3,34,34025,CSA APOYO ADS,C.S. AGRICULTURA - APOYO ADS
413,2015,I,3,34,34026,CSA APOYO ATRIAS,C.S. AGRICULTURA - APOYO ATRIAS. L. INTEGRADA
414,2015,I,3,34,34027,CSA PROGRAMAS PRODER,C.S. AGRICULTURA - PROGRAMAS PRODER
415,2015,I,3,34,34028,CSA ASIST GEST EXPLO,C.S. AGRICULTURA - ASIST. GESTIÓN EXPLOTACIONES
416,2015,I,3,34,34029,CSA DESASTRES NAT,C.S. AGRICULTURA - AYUDAS DESASTRES NATURALES
417,2015,I,3,34,34030,CSA FOREST TIER AGRA,C.S. AGRICULTURA - FORESTACION DE TIERRAS AGRARIAS
418,2015,I,3,34,34031,CSA CESE ANTICIPADO,C.S. AGRICULTURA - CESE ANTICIPADO
419,2015,I,3,34,34032,CSA ICB,C.S. AGRICULTURA - INDEM. COMPENSATORIA BÁSICA
420,2015,I,3,34,34033,CSA PROGRAMA LEADER,C.S. AGRICULTURA - PROGRAMA LEADER
421,2015,I,3,34,34034,CSA RENOV. TRACTORES,C.S. AGRICULTURA - RENOVACION DE TRACTORES
422,2015,I,3,34,34035,CSA TRAZ.STOR.HORT.,C.S. AGRICULTURA - TRAZABILIDAD SECTOR HORTOFRUT.
423,2015,I,3,34,34036,CSA C.RAZAS GAN.PUR,"C.S. AGRICULTURA - CONCURSOS,SUBASTAS RAZAS PURAS"
424,2015,I,3,34,34037,CSA RECONV.PLANT.FRUT.,C.S. AGRICULTURA - RECONV. PLANTACIONES FRUTÍCOLAS
425,2015,I,3,34,34038,CSA ORD. FTO SCTOR EQUINO,C.S. AGRICULTURA - ORDEN. Y FMTO DEL SECTOR EQUINO
426,2015,I,3,34,34039,CSA PERS. Y ANALITICA EET,C.S. AGRICULTURA - PERS Y ANAL. ENCEF ESPONG TRANS
427,2015,I,3,34,34040,CSA SELEC GEN. ETT OVINO,C.S. AGRICULTURA - SELEC GENET RESIST ETT EN OVINO
428,2015,I,3,34,34041,CSA PROG CONT LENGUA AZUL,C.S. AGRICULTURA - PROGRAMA DE CONTROL LENGUA AZUL
429,2015,I,3,34,34042,CSA AY AVIC Y GRIPE AVIA,C.S. AGRICULTURA - AYUDAS AVICULTURA Y GRIPE AVIAR
430,2015,I,3,34,34043,CSA MODERN. EXPLOTACIONES,C.S. AGRICULTURA - MODERNIZACIÓN EXPLOTACIONES
431,2015,I,3,34,34044,CSA INCORP. JÓVENES,C.S. AGRICULTURA - INCORPORACIÓN JÓVENES
432,2015,I,3,34,34045,CSA ASESOR. ENTIDADES,C.S. AGRICULTURA - ASESORAMIENTO DE ENTIDADES
433,2015,I,3,34,34046,CSA CONCENTRACIÓN PARCELA,C.S. AGRICULTURA - CONCENTRACIÓN PARCELARIA
434,2015,I,3,34,34047,CSA MODERNIZACIÓN REGADIO,C.S. AGRICULTURA - MODERNIZACIÓN DE REGADIOS
435,2015,I,3,34,34048,CSA PROD. TOMATE,C.S. AGRICULTURA - PROD. TOMATE PARA INDUSTRIA
436,2015,I,3,34,34049,CSA FONDO PROG. FEP,C.S. AGRICULTURA - FONDO PROGRAMA FEP
437,2015,I,3,34,34050,CSA SUBV.INT. EXP.GANAD.,C.S. AGRICULTURA - SUBV INT.PRÉSTAMOS  EXPL.GANAD.
438,2015,I,3,34,34051,AGRUP. PROD.OVINO-CAPRINO,AGRUPACIONES DE PRODUCTORES OVINO Y CAPRINO
439,2015,I,3,34,34052,GEST. MED. EXP. PORCINAS,GESTIÓN MEDIOAMBIENTAL EXPLOTACIONES PORCINAS
440,2015,I,3,34,34053,GEST. SUBP. ORIGEN ANIMAL,GESTIÓN SUBPRODUCTOS ORIGEN ANIMAL
441,2015,I,3,34,34054,BIODIGESTIÓN DE PURINES,BIODIGESTIÓN DE PURINES
442,2015,I,3,34,34055,PROY P. RED RURAL NAL.,PROYECTOS PILOTO RED RURAL NACIONAL
443,2015,I,3,34,34056,PLAN FRUTAS ESCUELAS,PLAN DE FRUTAS EN LAS ESCUELAS
444,2015,I,3,34,34057,CSA 17/10/11 PLANES ZONA,C.S. AGRICULTURA 17/10/11 PLANES DE ZONA DES.R. S.
445,2015,I,3,34,34058,CSA Saneamiento G (Tub. Bov),CSA C. Saneamiento Ganadero (Tuberculosis Bovina)
446,2015,I,3,34,34059,CSA MODERNIZACIÓN EXPLOTACIONES 2014-2020,CSA MODERNIZACIÓN EXPLOTACIONES 2014-2020
447,2015,I,3,34,34060,CSA MODERNIZACIÓN EXPLOTACIONES 2014-2020,CSA INCORPORACIÓN JÓVENES 2014-2020
448,2015,I,3,34,34061,PARTIPACIÓN PROGRAMA CALIDAD PDR,PARTIPACIÓN PROGRAMA CALIDAD PDR
449,2015,I,3,34,34062,INFORMACIÓN PROMOCIÓN PDR,INFORMACIÓN PROMOCIÓN PDR
450,2015,I,3,35,35001,CSSS EDUC.FAMILIAR,C.S. SERV. SOCIALES - EDUCACIÓN FAMILIAR
451,2015,I,3,35,35002,CSSS INFORM ACCI SOC,C.S. SERV. SOCIALES - INFORMACIÓN ACCIÓN SOCIAL
452,2015,I,3,35,35003,CSSS ORIENT MED FAM,C.S. SERV. SOCIALES - ORIENT. Y MEDIACIÓN FAMILIAR
453,2015,I,3,35,35004,CSSS MENORES INFRACT,C.S. SERV. SOCIALES - MENORES INFRACTORES
454,2015,I,3,35,35005,CSSS PENS ANC ENFER,C.S. SERV. SOCIALES - PENSION. ANCIANOS Y ENFERMOS
455,2015,I,3,35,35006,CSSS GERONTOLÓGICO,C.S. SERV. SOCIALES - PLAN GERONTOLÓGICO
456,2015,I,3,35,35007,CSSS INTG PER DISC,C.S. SERV. SOCIALES - PLAN INTEG. PERSONAS DISCAP.
457,2015,I,3,35,35008,CSSS PRE MAL TRA INF,C.S. SERV. SOCIALES - PREV. MALOS TRATOS INFANCIA
458,2015,I,3,35,35009,CSSS PR VIOLENCIA FA,C.S. SERV. SOCIALES - PREV. VIOLENCIA FAMILIAR
459,2015,I,3,35,35010,CSSS VOLUNT PLAN EST,C.S. SERV. SOCIALES - VOLUNTAR. PLAN ESTATAL
460,2015,I,3,35,35011,PLAN A FAVOR SIT. DEPEND.,PLAN DE ACCION A FAVOR PERS .SITUACION DEPENDENCIA
461,2015,I,3,35,35012,CSSS PLAN DES. GITANO,C.S. SERV. SOCIALES - PLAN DESARROLLO GITANO
462,2015,I,3,35,35013,CSSS PREST. BASICAS SS,C.S. SERV. SOCIALES - PRESTACIONES BÁSICAS SS
463,2015,I,3,35,35014,CSSS ERRAD. POBREZA,C.S. SERV. SOCIALES - ERRADICACIÓN DE LA POBREZA
464,2015,I,3,36,36001,CSMA DES MEDIO RURAL,C.S. MEDIO AMBIENTE - DLLO SOCIEC. EN MEDIO RURAL
465,2015,I,3,36,36002,CSMA EST INV MED NAT,"C.S. MEDIO AMBIENTE - PLANIF,ESTUDIOS MEDIO NATUR."
466,2015,I,3,36,36003,CSMA ORD PA FORESTAL,"C.S. MEDIO AMBIENTE - ORDENAC,MEJORA PAT. FORESTAL"
467,2015,I,3,36,36004,CSMA PR LUCHA IN FOR,C.S. MEDIO AMBIENTE - PREV. LUCHA INCENDIOS FOREST
468,2015,I,3,36,36005,CSMA APR RAC PAT NAT,C.S. MEDIO AMBIENTE - APROVECH. RACIONAL PAT.NAT.
469,2015,I,3,36,36006,CSMA C BIODIVERSIDAD,C.S. MEDIO AMBIENTE - CONSERVACIÓN BIODIVERSIDAD
470,2015,I,3,36,36007,CSMA PROY.LIFE,C.S. MEDIO AMBIENTE - PROYECTO LIFE
471,2015,I,3,36,36008,CSMA AREA INF. PARQ.NAC.,C.S. MEDIO AMBIENTE - AREAS INFL PARQUES NACIONALE
472,2015,I,3,36,36009,ACT. RESERVAS BIOSFERA,ACTUACIONES EN LA RESERVA DE LA BIOSFERA
473,2015,I,3,36,36010,APROV.BIOMASA FORESTAL,APROVECHAMIENTO DE LA BIOMASA FORESTAL
474,2015,I,3,36,36011,REC. ESPECIES P.EXTINCIÓN,RECUPERACIÓN DE ESPECIES EN PELIGRO DE EXTINCIÓN
475,2015,I,3,36,36012,CSMA-INFRAESTRUCTURAS GESTIÓN RESIDUOS CCLL,CSMA-INFRAESTRUCTURAS GESTIÓN RESIDUOS CCLL
476,2015,I,3,39,39001,PLANES DE VIVIENDA,PLANES DE VIVIENDA
477,2015,I,3,39,39002,SEGURIDAD MINERA,SEGURIDAD MINERA
478,2015,I,3,39,39003,PROY INVEST I.N.I.A.,PROYECTOS DE INVESTIGACIÓN (I.N.I.A.)
479,2015,I,3,39,39004,PLAN MOD COMER INT,PLAN MODERNIZACIÓN COMERCIO INTERIOR
480,2015,I,3,39,39005,JUB REESTRUCT EMPR,AYUDAS A JUBILACIÓN Y REESTRUCTURACIÓN DE EMPRESAS
481,2015,I,3,39,39006,INTEGR SOC INMIGRANT,PLAN INTEGRACIÓN SOCIAL INMIGRANTES
482,2015,I,3,39,39007,EMPLEO COOPERATIVAS,APOYO CREACIÓN EMPLEO COOPERATIVAS
483,2015,I,3,39,39008,PLA TRAB CN FORM OCU,PLANES DE TRABAJO CTROS NAC. FORMACIÓN OCUPACIONAL
484,2015,I,3,39,39009,SEGUNDA ESTACION AVE,SEGUNDA ESTACION AVE
485,2015,I,3,39,39010,OF PLANES VIVIENDA,OFICINAS PLANES DE VIVIENDA
486,2015,I,3,39,39011,LESIONES ESTRUC EDIF,LESIONES ESTRUCTURALES EDIFICIOS
487,2015,I,3,39,39012,CONV REHAB VIVIENDAS,CONV. REHABILITACION FUNCIONAL EDIFICIOS VIVIENDAS
488,2015,I,3,39,39013,CONS COMP PYME,PLAN CONSOLIDACIÓN Y COMPETITIVIDAD P.Y.M.E.
489,2015,I,3,39,39014,MANT CENTROS SANITAR,MANTENIMIENTO DE CENTROS SANITARIOS
490,2015,I,3,39,39015,DONACIÓN Y TRASP ÓRG,FOMENTO DE LA DONACIÓN Y TRASPLANTE DE ÓRGANOS
491,2015,I,3,39,39016,JUNTA ARBITRAL CONS,JUNTA ARBITRAL DE CONSUMO
492,2015,I,3,39,39017,PROGRAMA PREV SIDA,PROGRAMA PREVENCIÓN SIDA
493,2015,I,3,39,39018,PREV ASIST REINS TOX,"PREVENCIÓN, ASISTENCIA Y REINSERCIÓN TOXICÓMANOS"
494,2015,I,3,39,39019,PREV ENF EMERGENTES,PREVENCIÓN ENFERMEDADES EMERGENTES
495,2015,I,3,39,39020,INVEST IN CARLOS III,PROYECTOS DE INVESTIGACIÓN INSTITUTO CARLOS III
496,2015,I,3,39,39021,JUB PERS DOC 9 LOGSE,JUBILACIONES PERSONAL DOCENTE ( D.T. 9ª LOGSE)
497,2015,I,3,39,39022,NUEVAS TEC EDUCACION,NUEVAS TECNOLOGIAS EDUCACION
498,2015,I,3,39,39023,GUARDERÍAS INF,GUARDERÍAS INFANTILES
499,2015,I,3,39,39024,ESCUELAS VIAJERAS,ESCUELAS VIAJERAS
500,2015,I,3,39,39025,PUEBLOS ABANDONADOS,P.R.U.E.P.A.-BUBAL-PUEBLOS ABANDONADOS
501,2015,I,3,39,39026,CATAL COL PATR BIBL,CATALOGO COLECTIVO PATRIMONIO BIBLIOGRAFICO
502,2015,I,3,39,39027,POL.COHES.SALUD,POLÍTICAS DE COHESIÓN Y ESTRATEGIAS DE SALUD
503,2015,I,3,39,39028,CONV.REST.IGLESIAS,CONVENIO PARA RESTAURACIÓN DE IGLESIAS
504,2015,I,3,39,39029,TERUEL DIGITAL,PROYECTO TERUEL DIGITAL
505,2015,I,3,39,39030,Mº IND. PROY.PROFIT,MINISTERIO INDUSTRIA - PROGRAMA FTO INV. TECNOLÓG.
506,2015,I,3,39,39031,C.Mº SAN. GUIA SALUD,CONVENIO MINISTERIO SANIDAD - GUÍA DE SALUD
507,2015,I,3,39,39032,CONV.MºM.A.SUELOS.C,CONV. Mº MEDIO AMBIENTE - SUELOS CONTAMINADOS
508,2015,I,3,39,39033,RUTAS LITERARIAS,RUTAS LITERARIAS
509,2015,I,3,39,39034,INFRAESTR.  I.N.I.A.,INFRAESTRUCTURAS I.N.I.A.
510,2015,I,3,39,39035,INC.DOCTORES INIA,INCORPORACIÓN DE DOCTORES. I.N.I.A.
511,2015,I,3,39,39036,IGNAC. ELAB.ORTOFOTO,INST. GEOGRÁFICO NACIONAL - ELABORACIÓN ORTOFOTO
512,2015,I,3,39,39037,MEC PLAN NAC. INVEST.,MEC PLAN NACIONAL DE INVESTIGACIÓN
513,2015,I,3,39,39038,CONF SECT DE LA MUJER,CONFERENCIA SECTORIAL DE LA MUJER
514,2015,I,3,39,39039,CONV. I. MUJER PROG.ES,CONV. INSTITUTO DE LA MUJER PROGRAMAS ESPEC.
515,2015,I,3,39,39040,PLAN FORM. CONT. INAP,PLAN FORMACION  CONTINUA  INAP
516,2015,I,3,39,39041,CONV.MºCULT.INVENT.BIENES,CONV.MºCULTURA INVENTARIO B.MUEBLES PHE INST.ECLES
517,2015,I,3,39,39042,CSD CTROS TECNIF. DEP.,C.S.DEPORTES. CENTROS DE TECNIFICACIÓN DEPORTIVA
518,2015,I,3,39,39043,CSD CONSTUCC.PABELLÓN,C.S.DEPORTES. REALIZACIÓN DE PABELLONES DEPORTIVOS
519,2015,I,3,39,39044,PLAN NACIONAL INVESTIG.,PLAN NACIONAL DE INVESTIGACIÓN
520,2015,I,3,39,39045,C.S.EDUC. INTERNET AULA,C.S. DE EDUCACIÓN. PROGRAMA INTERNET EN EL AULA
521,2015,I,3,39,39046,"ACOG.,INTEGR EDUCAC INMIG","ACOGIDA,INTEGR. Y REFUERZO EDUCATIVO DE INMIGRANT."
522,2015,I,3,39,39047,PROG.APOYO CTROS EDUCATIV,"PROG. ACOMPAÑAM., APOYO Y REFUERZO CTROS EDUCATIV."
523,2015,I,3,39,39048,C.Mº.IND. PLAN AVANZA,C.Mº. INDUSTRIA PLAN AVANZA
524,2015,I,3,39,39049,PROG. USO RAC. MEDICAMENT,PROGRAMA USO RACIONAL DEL MEDICAMENTO
525,2015,I,3,39,39050,AHORRO Y DIVERS. ENERGET.,AHORRO Y DIVERSIFICACIÓN ENERGÉTICA
526,2015,I,3,39,39051,CONV.MºEDUC.DIFUS.F.P.,CONV. Mº EDUC. Y CIENCIA. DIFUSIÓN FORM. PROFES.
527,2015,I,3,39,39052,CONV. CNIG S.INF.OC.SUELO,CONV. CNIG SIST.INFORM. SOBRE OCUPACIÓN SUELO
528,2015,I,3,39,39053,PROYECTOS INVESTIGACIÓN,FINANCIACIÓN DE LA AGE PROYECTOS  INVESTIGACIÓN
529,2015,I,3,39,39054,AY.P. VÍCT.VIOL.GÉN. EMPL,AY PÚBL. VÍCTIMAS VIOLENCIA GÉNERO DIFIC. EMPLEO
530,2015,I,3,39,39055,C.S. EDUC. BIBLIOT. ESCOL,C.S. EDUCACIÓN - BIBLIOTECAS ESCOLARES
531,2015,I,3,39,39056,IGUALDAD OPORT.JÓVENES,IGUALDAD OPORTUNIDADES LOS/LAS JÓVENES
532,2015,I,3,39,39057,CSE FINANC. 2º CICLO INF.,CSE FINANCIACIÓN 2º CICLO EDUCACIÓN INFANTIL
533,2015,I,3,39,39058,C.Mº CULT ADQ.FDO BIBLIOG,CONV. Mº CULTURA ADQ.FDO BIBLIOG. BIBL.MUNICIP.
534,2015,I,3,39,39059,C.S.EDUC. LIBROS Y MATER.,C.S. EDUCACIÓN. PROGRAMA LIBROS Y MATERIAL ESCOLAR
535,2015,I,3,39,39060,Mº EDUC.ESP.EUR.EDUC.SUP,Mº EDUC. ADAPTAC. INST.UNIVERS. ESP. EUROPEO SUPER
536,2015,I,3,39,39061,CONV ACCS. AUTOBUSES INT,CONVENIO ACCS. AUTOBUSES INTERURBANO
537,2015,I,3,39,39062,C.S. EDU. PRG. LENGUAS EX,C.S. EDUC. PROGRAMA LENGUAS EXTRANJERAS (PALE)
538,2015,I,3,39,39063,AYUDA NAL. NOVILLAS,AYUDA NACIONAL POR NOVILLAS
539,2015,I,3,39,39064,Transf. MEC Conf. APAS,Transf. MEC Conf. APAS y otros colectivos
540,2015,I,3,39,39065,Prog. Prioritarios S y C,Programas Prioritarios Sanidad y Consumo
541,2015,I,3,39,39066,RECUPERA. ACEITES USADOS,RECUPERACIÓN ACEITES USADOS
542,2015,I,3,39,39067,PRÁCT. SEGURAS CTROS. SAN,PRÁCTICAS SEGURAS CENTROS SANITARIOS
543,2015,I,3,39,39068,RUTAS CIENTÍFICAS - MEC,RUTAS CIENTÍFICAS - MEC
544,2015,I,3,39,39069,CONV. MTAS TRABAJ. EXPO,CONV. M. TRABAJO Y A. S. ACOGIDA TRABAJADORES EXPO
545,2015,I,3,39,39070,CONV. Mº FOM.OBRAS CARRET,CONVENIO Mº  FOMENTO OBRAS CARRETERAS
546,2015,I,3,39,39071,CONV.MºDEFENSA P.INC.LAB.,CONVENIO Mº DEFENSA PROG.INCORPORACIÓN LABORAL
547,2015,I,3,39,39072,CONV. MEC DES. TECNOLOGIC,CONV. MºEC-CA IMPULSO ACTIVIDADES DES. TECNOLÓGICO
548,2015,I,3,39,39073,AY. PRESERV. PATRI. DIGIT,AYUDAS PRESERVACIÓN PATRIMONIO DIGITAL
549,2015,I,3,39,39074,BIBLIOTECA VIRTUAL ARAGÓN,BIBLIOTECA VIRTUAL ARAGÓN
550,2015,I,3,39,39075,CONV.SALUD BUCODENTAL INF,CONVENIO SALUD BUCODENTAL INFANTIL
551,2015,I,3,39,39076,PROYECTO REALTH - SAS,PROYECTO REALTH - SAS
552,2015,I,3,39,39077,MARM - PLAN INTEGRAL AGUA,MARM - PLAN INTEGRAL DEL AGUA
553,2015,I,3,39,39078,CNIG P.N.ORTOFOTO.AEREA,CONV.CNIG PLAN NACIONAL DE ORTOFOTOGRAFÍA AÉREA
554,2015,I,3,39,39079,SUBV.SP.EMPLEO EST. TXTIL,SUBV. S.P.EMPLEO ESTATAL -ADAP. SCTOR TEXTIL
555,2015,I,3,39,39080,CONV. I. MUJER PROG.CLARA,CONV. INSTITUTO DE LA MUJER PROGRAMA CLARA
556,2015,I,3,39,39081,CONV.EDUC.INFANTIL,CONVENIOS EDUCACIÓN INFANTIL (Mº EPSyD)
557,2015,I,3,39,39082,CONV. EST. C. PALIATIVOS,CONV. ESTRATEGIA CUIDADOS PALIATIVOS
558,2015,I,3,39,39083,CONV. EST. PARTO NORMAL,CONV. ESTRATEGIA ATENCIÓN PARTO NORMAL
559,2015,I,3,39,39084,CONV. ACT. VIOLENCIA GEN.,CONV. ACTIVIDADES SOBRE VIOLENCIA DE GÉNERO
560,2015,I,3,39,39085,CONV. COM. DES. SOST.,CONVENIO COMARCAS DESARROLLO SOSTENIBLE
561,2015,I,3,39,39086,REDUCCIÓN EMISIONES,REDUCCIÓN EMISIONES GESTIÓN DE RESIDUOS
562,2015,I,3,39,39087,PRACT. SEGURAS C.SANITARI,IMPULSO PRACTICAS SEGURAS EN CENTROS SANITARIOS
563,2015,I,3,39,39088,ESTRAT. SALUD MENTAL,ESTRATEGIA DE SALUD MENTAL
564,2015,I,3,39,39089,PLAN-E DEPENDENCIA,FONDO ESPECIAL PLAN-E DEPENDENCIA
565,2015,I,3,39,39090,CONVENIO Mº INDUSTRIA TDT,CONVENIO CON Mº INDUSTRIA TRANSICION TDT
566,2015,I,3,39,39091,Cnv.MICINN Fom.Parq.CyTec,Cnv.MICINN Fomento Parq.Científicos y Tecnológicos
567,2015,I,3,39,39092,CONF. SEC. DE IGUALDAD,CONFERENCIA SECTORIAL DE IGUALDAD
568,2015,I,3,39,39093,Proy. Escuela 2.0.,Proyecto Escuela 2.0.
569,2015,I,3,39,39094,Convenio MICINN LMA,Convenio MICINN LMA
570,2015,I,3,39,39095,Conv Ministerio Igualdad,Convenio Ministerio de Igualdad
571,2015,I,3,39,39096,Cº MºED.ACTUAL.TITULO FP,Convenio MºEducación.Actualiz. catálogo títulos FP
572,2015,I,3,39,39097,P.REEDUCACIÓN MALTRATADOR,PROGRAMA DE REEDUCACIÓN DE MALTRATADORES
573,2015,I,3,39,39098,INTERN. CULT. ESPAÑOLA,INTERNACIONALIZACIÓN DE LA CULTURA ESPAÑOLA (MAE)
574,2015,I,3,39,39099,Programa ARCE.MºEducación,Programa Arce. Ministerio de Educación
575,2015,I,3,39,39100,CONV. GEST.IT Y CORTA DUR,CONV.ESTRATEG.GESTIÓN IT Y COMP. PROC. CORTA DUR
576,2015,I,3,39,39101,Conv.AEMPS Jorn.Insp.Farm,Conv. AEMPS Jornadas Inspecc. Farmacéutica
577,2015,I,3,39,39102,Mº TRAB. CENTRO NAL. REF.,"Mº TRABAJO SUBV. CENTRO NAL, REF. FORMACIÓN PROF."
578,2015,I,3,39,39103,MCI-Estrategia Estatal In,MCI-Estrategia Estatal Innovación
579,2015,I,3,39,39104,EURIBERIS,EURIBERIS
580,2015,I,3,39,39105,CONV. CITA CHE RIEGOS,CONV. CITA CHE EVALUACIÓN SIST. RIEGOS CUENCA EBRO
581,2015,I,3,39,39106,OLIMPIADAS FP,OLIMPIADAS FORMACIÓN PROFESIONAL
582,2015,I,3,39,39107,FORMACIÓN PERM. PROF.,FORMACIÓN PERMANENTE PROFESORADO
583,2015,I,3,39,39108,PEAC ACRED. COMPT. PROF.,PEAC PROC. ACREDITACIÓN COMPETENCIAS PROFESIONALES
584,2015,I,3,39,39109,Just.gratuita e inf.tribu,Justicia gratuita e informatización de tribunales
585,2015,I,3,39,39110,MICIIN-PNICDIT,MICIIN-Plan N.Investigación Cientif. Desarr.e Inno
586,2015,I,3,39,39111,SPE SUBV ERE SINTEL,SPE SUBVENCIÓN AFECTADOS ERE SINTEL
587,2015,I,3,39,39112,DISMINUCIÓN ABANDONO ESC.,PROGRAMA DE DISMINUCIÓN DEL ABANDONO ESCOLAR
588,2015,I,3,39,39113,Ministerio Inv. Agroalime,Ministerio Investigación Agroalimentaria
589,2015,I,3,39,39114,OTRAS EEPP-INV AGROALIM,OTRAS EEPP-INVESTIGACIÓN AGROALIMENTARIA
590,2015,I,3,39,39115,HOSPITAL DEL MUNDO,HOSPITAL DEL MUNDO
591,2015,I,3,39,39116,FEstatal Empleo y Sosteni,Fondo Estatal de Empleo y Sostenibilidad Social
592,2015,I,3,39,39117,Plan Vivienda 2013-2016,Plan Vivienda 2013-2016
593,2015,I,3,39,39118,PLAN DE INVERSIONES SISTEMA INFORMACIÓN SANITARIA,PLAN DE INVERSIONES SISTEMA INFORMACIÓN SANITARIA
594,2015,I,3,39,39119,NUEVOS CICLOS DE F.P. BÁSICA,NUEVOS CICLOS DE F.P. BÁSICA
595,2015,I,3,39,39120,M JUSTICIA PROGRAMA DE REFORMA ADM JUSTICIA,M JUSTICIA PROGRAMA DE REFORMA ADM JUSTICIA
596,2015,I,3,39,39121,NUEVOS ITINERARIOS 3º Y 4º ESO,NUEVOS ITINERARIOS 3º Y 4º ESO
597,2015,I,3,39,39122,DIFUSIÓN Y MEJORA DE LA CALIDAD DE LA FP,DIFUSIÓN Y MEJORA DE LA CALIDAD DE LA FP
598,2015,I,5,51,51001,MANT. COLEGIOS PÚBLICOS,MANTENIMIENTO COLEGIOS PÚBLICOS
599,2015,I,5,51,51002,DPT Inv. Agroalimentaria,DPT Investigación Agroalimentaria
600,2015,I,5,51,51005,DPT GESTIÓN FORESTAL,DPT - ACTIVIDADES GESTIÓN FORESTAL
601,2015,I,5,51,51006,AMPL.RED TTES INSTITUC.,AMPLIACIÓN RED DE TRANSPORTE INSTITUCIONAL
602,2015,I,5,51,51007,DPH centro truficultura,DPH CENTRO DE INVEST. Y EXPER. TRUFICULTURA
603,2015,I,5,51,51008,DPZ investigación agroali,transferencia DPZ  investigación agroalimentaria
604,2015,I,5,51,51009,DPZ Parq. Nat. y Z.Proteg,DPZ Parques Naturales y Zonas Protegidas
605,2015,I,5,51,51010,DPZ CONVENIO CRIEZ VENTA OLIVAR,DPZ CONVENIO CRIEZ VENTA OLIVAR
606,2015,I,5,52,52001,CONV. PROY. SIGEM,CONVENIO PROYECTO SIGEM
607,2015,I,5,52,52002,CONVENIO CARTOGRAFÍA COMARCAL,CONVENIO CARTOGRAFÍA COMARCAL
608,2015,I,5,52,52003,CONVENIOS INVESTIGACIÓN COMARCALES,CONVENIOS INVESTIGACIÓN COMARCALES
609,2015,I,5,53,53001,AYT. ZAR. COM. ESC.,AYUNTAMIENTO ZARAGOZA COMEDORES ESCOLARES
610,2015,I,5,55,55001,SUBV INAEM ESC TALL,SUBVENCIÓN INAEM PARA ESCUELAS TALLER
611,2015,I,5,55,55002,CONV. CON EL SALUD,CONVENIO INVESTIGACIÓN CON SALUD
612,2015,I,5,55,55003,SUBV INAEM OR.Y AUTOEMPL.,SUBV INAEM ORIENTACIÓN PROF. EMPLEO Y AUTOEMPLEO
613,2015,I,5,55,55004,T.IACS ENSAYOS CLÍNICOS,TRANSF.IACS PRODUC.VAR. ENSAYOS CLÍNICOS
614,2015,I,5,55,55005,FORM. CONTINUA M.I.R,FORMACIÓN CONTINUA DE M.I.R.
615,2015,I,5,55,55006,Grupos Investig. SALUD,Grupos Investigación SALUD
616,2015,I,5,55,55007,PROY.INV.CONV.COMP.DGA,PROY.INVEST.POR CONVOCATORIAS COMPETITIVAS DGA
617,2015,I,5,55,55008,SUBV INAEM CONTRATAC.,SUBV INAEM CONTRATACIÓN DESEMPLEADOS OBRAS INT GRA
618,2015,I,5,55,55009,Dpto Inv. Agroalimentaria,Departamento Investigación Agroalimentaria
619,2015,I,5,55,55010,Subvención IAF,Subvención IAF
620,2015,I,5,59,59001,ONU-OMS,ORGANIZACIÓN MUNDIAL DE LA SALUD
621,2015,I,7,71,71001,C.CAIXA HOGARES MAY.,CONVENIO CAIXA - HOGARES DE MAYORES
622,2015,I,7,71,71002,CONV.ADQ.FDO BIBLIO.,CONVENIO ADQUISICIÓN DE FONDO BIBLIOGRÁFICO
623,2015,I,7,71,71003,Conv. Ibercaja Atlas var.,C. Ibercaja: Atlas var. práct. médica S.Nac.Salud
624,2015,I,7,71,71004,Patrocinio Juegos Escolar,Patrocinio Juegos Escolares de Aragón
625,2015,I,7,71,71005,CONV. MONAST. DE SIJENA,CONVENIO CAJA MADRID REST. MONAST. SIJENA
626,2015,I,7,71,71006,CARNÉ JOVEN,CARNÉ JOVEN APORTACIÓN CAI IBERCAJA
627,2015,I,7,71,71007,CONV. IBERCAJA DEPENDEN.,CONV. IBERCAJA PARA ACTUAC. PERSONAS DEPENDIENTES
628,2015,I,7,71,71008,LA CAIXA MEDIOAMB Y SOSTE,LA CAIXA MEDIO AMBIENTE Y SOSTENIBILIDAD
629,2015,I,7,71,71009,CONV. IBERCAJA CENTROS IN,CONVENIO IBERCAJA CENTROS INTERPRETACION
630,2015,I,7,71,71010,CONV.IBERCAJA GALA DEPORT,CONV. IBERCAJA CELEBRACIÓN GALA DEPORTE ARAGONÉS
631,2015,I,7,71,71011,CONV. CAI PROGR. EDUC.,CONVENIO CAI PROGRAMAS EDUCATIVOS
632,2015,I,7,72,72001,PROM.FARM.ENSAY,PROMOTORES FARMACÉUTICOS - ENSAYOS CLÍNICOS
633,2015,I,7,72,72002,PROGRAMAS FOCUSS,PROGRAMAS FOCUSS
634,2015,I,7,72,72003,ESTUD.GAUCHER,FUND.ESP. ESTUDIO ENFERMEDAD GAUCHER
635,2015,I,7,72,72004,AS.ESP.TOXICOLOGÍA,ASOCIACIÓN ESPAÑOLA DE TOXICOLOGÍA
636,2015,I,7,72,72005,FUND.LA MARATO TV3,FUNDACIÓN LA MARATO TV3
637,2015,I,7,72,72006,FUND.MUTUA MADRIL.,FUNDACIÓN MUTUA MADRILEÑA
638,2015,I,7,72,72007,PROM.PRIV.CURSOS,PROMOTORES PRIVADOS DE CURSOS
639,2015,I,7,72,72008,HERENCIA ELÍAS MARTÍNEZ S,HERENCIA ELÍAS MARTÍNEZ SANTIAGO
640,2015,I,7,72,72009,PROMOTORES PRIVADOS,PROMOTORES PRIV PROY  PROD Y TRANSFERENCIA CONOCIM
641,2015,I,7,72,72010,HERENC.HOSP.NªSªGRACIA,HERENCIAS HOSPITAL PROVINCIAL Nª SRª DE GRACIA
642,2015,I,7,72,72011,FECYT AÑO DE LA CIENCIA,FECYT AÑO DE LA CIENCIA
643,2015,I,7,72,72012,Inv. Agroal. Entidades pr,Fondos para Inv.Agroalimentaria de Entid. Privadas
644,2015,I,7,72,72013,Fondos de mejoras en montes propios,Fondos de mejoras en montes propios
645,2015,I,7,72,72014,LEGADO PARA CENTRO ASISTENCIAL DE CALATAYUD,LEGADO PARA CENTRO ASISTENCIAL DE CALATAYUD
646,2015,I,9,91,91003,ING.FINANC.INCOND.,INGRESOS FINANC.INCONDICIONAL
647,2015,I,9,91,91004,RMTE.TES.NO AFEC.,REMANENTE DE TESORERÍA NO AFECTADO
648,2015,I,9,91,91005,DEUDA SANITARIA,DEUDA SANITARIA
649,2015,I,9,91,91101,REC PROPIOS COF P.IMPULS,RECURSOS PROPIOS COFINANCIADORES PLAN IMPULSO
650,2015,I,9,91,91102,REC PROPIOS P.IMPULSO,RECURSOS PROPIOS PLAN IMPULSO
